-- phpMyAdmin SQL Dump
-- version 4.4.15
-- http://www.phpmyadmin.net
--
-- Host: localhost
-- Generation Time: Jan 13, 2020 at 10:46 PM
-- Server version: 10.1.18-MariaDB
-- PHP Version: 7.2.10

SET SQL_MODE = "NO_AUTO_VALUE_ON_ZERO";
SET time_zone = "+00:00";


/*!40101 SET @OLD_CHARACTER_SET_CLIENT=@@CHARACTER_SET_CLIENT */;
/*!40101 SET @OLD_CHARACTER_SET_RESULTS=@@CHARACTER_SET_RESULTS */;
/*!40101 SET @OLD_COLLATION_CONNECTION=@@COLLATION_CONNECTION */;
/*!40101 SET NAMES utf8mb4 */;

--
-- Database: `quocdatit_coppa`
--

-- --------------------------------------------------------

--
-- Table structure for table `captains`
--

CREATE TABLE IF NOT EXISTS `captains` (
  `id` int(10) unsigned NOT NULL,
  `fullname` varchar(255) COLLATE utf8mb4_unicode_ci NOT NULL,
  `phone` varchar(255) COLLATE utf8mb4_unicode_ci NOT NULL,
  `vessel` varchar(255) COLLATE utf8mb4_unicode_ci NOT NULL,
  `created_at` timestamp NULL DEFAULT NULL,
  `updated_at` timestamp NULL DEFAULT NULL
) ENGINE=InnoDB AUTO_INCREMENT=88 DEFAULT CHARSET=utf8mb4 COLLATE=utf8mb4_unicode_ci;

--
-- Dumping data for table `captains`
--

INSERT INTO `captains` (`id`, `fullname`, `phone`, `vessel`, `created_at`, `updated_at`) VALUES
(2, 'Stevens', '0886483147', 'KH-140398-TS', '2019-03-12 00:19:42', '2019-03-12 00:19:42'),
(35, 'Stephen+Fisher', '0777115902', 'KH88888', '2019-05-02 03:44:31', '2019-05-02 03:44:31'),
(39, 'Stephen+Fisher', '0777115902', 'KH38888', '2019-05-02 04:37:05', '2019-05-02 04:37:05'),
(47, 'Stephen+Fisher', '0777115902', 'KH383888', '2019-05-17 05:01:26', '2019-05-17 05:01:26'),
(48, 'PHAN+THANH+THOA', '0344491343', 'KH96635TS', '2019-05-22 09:16:21', '2019-05-22 09:16:21'),
(49, 'L%C3%8A+MINH+T%C3%82%CC%81N', '0368638930', 'KH99795TS', '2019-05-22 09:27:40', '2019-05-22 09:27:40'),
(50, 'TRAN+VAN+TAI', '0987104412', 'KH92179TA', '2019-06-14 09:01:22', '2019-06-14 09:01:22'),
(51, 'VO+NGA', '0964046068', 'BD95004TS', '2019-06-16 05:24:55', '2019-06-16 05:24:55'),
(52, 'Stephen+Fisher', '0777115902', 'BD97663TS', '2019-06-16 08:40:48', '2019-06-16 08:40:48'),
(54, 'PHAM+VAN+CUONG', '0344514384', 'KH99795TA', '2019-07-25 07:50:38', '2019-07-25 07:50:38'),
(55, 'tedy+harmoko', '+628128883', '123456', '2019-07-26 06:26:15', '2019-07-26 06:26:15'),
(56, 'THUAN', '0977918829', '99512', '2019-08-28 03:46:29', '2019-08-28 03:46:29'),
(64, 'Hu%E1%BB%B3nh+Qu%E1%BB%91c+%C4%90%E1%BA%A1t', '0394074707', 'Test+Test', '2019-09-29 10:44:50', '2019-09-29 10:44:50'),
(66, 'nguyen+cao+luan', '0968592839', 'Bv-0017-ts', '2019-10-11 05:14:08', '2019-10-11 05:14:08'),
(67, 'l%C3%AA+tr%C6%B0%E1%BB%9Dng+giang', '0977029890', '123456', '2019-10-24 08:29:13', '2019-10-24 08:29:13'),
(69, 'Tr%E1%BA%A7n+Quang+Tu%E1%BA%A5n', '0984027117', 'Tuan123', '2019-12-15 14:01:23', '2019-12-15 14:01:23'),
(70, 'Tr%E1%BA%A7n+Quang+Tu%E1%BA%A5n', '0984027117', 'Hdhdjf', '2019-12-15 15:18:23', '2019-12-15 15:18:23'),
(71, 'Stephen+Fisher', '0777115902', 'Sea+Delight', '2019-12-16 08:25:38', '2019-12-16 08:25:38'),
(72, 'Dat', '8888888', 'KH96635', '2019-12-22 02:15:26', '2019-12-22 02:15:26'),
(73, 'Tr%E1%BA%A7n+Quang+Tu%E1%BA%A5n', '0984028996', 'Hsjdhd', '2019-12-24 09:42:30', '2019-12-24 09:42:30'),
(74, 'Vinh+Hoang+Duc', '0937176989', '1234', '2020-01-02 03:09:15', '2020-01-02 03:09:15'),
(79, 'Ki%E1%BB%83m+th%E1%BB%AD+', '9494649494', 'Vh-27272-ts', '2020-01-07 09:46:20', '2020-01-07 09:46:20'),
(80, 'tuan', '0984027118', 'Ghgggggg', '2020-01-07 09:54:14', '2020-01-07 09:54:14'),
(83, 'TRAN+VAN+DAT', '88888888', 'KH96635', '2020-01-08 06:27:33', '2020-01-08 06:27:33'),
(86, 'nhu+thi+khanh+ha', '0935029886', 'Kh123456', '2020-01-08 11:05:52', '2020-01-08 11:05:52'),
(87, 'Nguy%E1%BB%85n+Tr%E1%BB%8Dng+Ngh%C4%A9a', '0123456789', 'VH-123456789-TS', '2020-01-13 07:41:37', '2020-01-13 07:41:37');

-- --------------------------------------------------------

--
-- Table structure for table `captain_trip`
--

CREATE TABLE IF NOT EXISTS `captain_trip` (
  `id` int(10) unsigned NOT NULL,
  `captain_id` int(10) unsigned NOT NULL,
  `trip_id` int(10) unsigned NOT NULL,
  `created_at` timestamp NULL DEFAULT NULL,
  `updated_at` timestamp NULL DEFAULT NULL
) ENGINE=InnoDB AUTO_INCREMENT=118 DEFAULT CHARSET=utf8mb4 COLLATE=utf8mb4_unicode_ci;

--
-- Dumping data for table `captain_trip`
--

INSERT INTO `captain_trip` (`id`, `captain_id`, `trip_id`, `created_at`, `updated_at`) VALUES
(2, 2, 2, NULL, NULL),
(33, 35, 33, NULL, NULL),
(37, 39, 37, NULL, NULL),
(45, 48, 45, NULL, NULL),
(46, 49, 46, NULL, NULL),
(47, 50, 47, NULL, NULL),
(48, 47, 48, NULL, NULL),
(49, 47, 49, NULL, NULL),
(50, 51, 50, NULL, NULL),
(51, 52, 51, NULL, NULL),
(52, 49, 52, NULL, NULL),
(54, 54, 54, NULL, NULL),
(55, 54, 55, NULL, NULL),
(56, 54, 56, NULL, NULL),
(57, 52, 57, NULL, NULL),
(58, 54, 58, NULL, NULL),
(59, 49, 59, NULL, NULL),
(60, 52, 60, NULL, NULL),
(61, 54, 61, NULL, NULL),
(62, 49, 62, NULL, NULL),
(63, 56, 63, NULL, NULL),
(64, 49, 64, NULL, NULL),
(65, 52, 65, NULL, NULL),
(66, 54, 66, NULL, NULL),
(74, 64, 74, NULL, NULL),
(76, 52, 76, NULL, NULL),
(77, 54, 77, NULL, NULL),
(78, 49, 78, NULL, NULL),
(79, 67, 79, NULL, NULL),
(80, 49, 80, NULL, NULL),
(81, 54, 81, NULL, NULL),
(82, 52, 82, NULL, NULL),
(83, 52, 83, NULL, NULL),
(85, 52, 85, NULL, NULL),
(86, 54, 86, NULL, NULL),
(87, 49, 87, NULL, NULL),
(88, 69, 88, NULL, NULL),
(89, 70, 89, NULL, NULL),
(90, 71, 90, NULL, NULL),
(91, 71, 91, NULL, NULL),
(92, 49, 92, NULL, NULL),
(93, 71, 93, NULL, NULL),
(94, 72, 94, NULL, NULL),
(95, 72, 95, NULL, NULL),
(96, 49, 96, NULL, NULL),
(97, 49, 97, NULL, NULL),
(98, 49, 98, NULL, NULL),
(99, 73, 99, NULL, NULL),
(100, 71, 100, NULL, NULL),
(106, 79, 106, NULL, NULL),
(107, 80, 107, NULL, NULL),
(110, 83, 110, NULL, NULL),
(111, 79, 111, NULL, NULL),
(114, 86, 114, NULL, NULL),
(115, 71, 115, NULL, NULL),
(116, 86, 116, NULL, NULL),
(117, 87, 117, NULL, NULL);

-- --------------------------------------------------------

--
-- Table structure for table `families`
--

CREATE TABLE IF NOT EXISTS `families` (
  `id` int(10) unsigned NOT NULL,
  `name` varchar(255) COLLATE utf8mb4_unicode_ci NOT NULL,
  `image` varchar(255) COLLATE utf8mb4_unicode_ci DEFAULT NULL,
  `created_at` timestamp NULL DEFAULT NULL,
  `updated_at` timestamp NULL DEFAULT NULL
) ENGINE=InnoDB AUTO_INCREMENT=8 DEFAULT CHARSET=utf8mb4 COLLATE=utf8mb4_unicode_ci;

--
-- Dumping data for table `families`
--

INSERT INTO `families` (`id`, `name`, `image`, `created_at`, `updated_at`) VALUES
(1, 'Family 1', 'F1.jpg', NULL, NULL),
(2, 'Family 2', 'F2.jpg', NULL, NULL),
(3, 'Family 3', 'F3.jpg', NULL, NULL),
(4, 'Family 4', 'F4.jpg', NULL, NULL),
(5, 'Family 5', 'F5.jpg', NULL, NULL),
(6, 'Family 6', 'F6.jpg', NULL, NULL),
(7, 'Family 7', 'F7.jpg', NULL, NULL);

-- --------------------------------------------------------

--
-- Table structure for table `family_fish`
--

CREATE TABLE IF NOT EXISTS `family_fish` (
  `id` int(10) unsigned NOT NULL,
  `family_id` int(10) unsigned NOT NULL,
  `fish_id` int(10) unsigned NOT NULL,
  `created_at` timestamp NULL DEFAULT NULL,
  `updated_at` timestamp NULL DEFAULT NULL
) ENGINE=InnoDB AUTO_INCREMENT=53 DEFAULT CHARSET=utf8mb4 COLLATE=utf8mb4_unicode_ci;

--
-- Dumping data for table `family_fish`
--

INSERT INTO `family_fish` (`id`, `family_id`, `fish_id`, `created_at`, `updated_at`) VALUES
(1, 1, 1, NULL, NULL),
(2, 1, 2, NULL, NULL),
(3, 1, 3, NULL, NULL),
(4, 1, 4, NULL, NULL),
(5, 1, 5, NULL, NULL),
(6, 1, 6, NULL, NULL),
(7, 2, 7, NULL, NULL),
(8, 2, 8, NULL, NULL),
(9, 2, 9, NULL, NULL),
(10, 2, 10, NULL, NULL),
(11, 2, 11, NULL, NULL),
(12, 2, 12, NULL, NULL),
(13, 2, 13, NULL, NULL),
(14, 2, 14, NULL, NULL),
(15, 2, 15, NULL, NULL),
(16, 3, 16, NULL, NULL),
(17, 3, 17, NULL, NULL),
(18, 3, 18, NULL, NULL),
(19, 3, 19, NULL, NULL),
(20, 3, 20, NULL, NULL),
(21, 3, 21, NULL, NULL),
(22, 3, 22, NULL, NULL),
(23, 3, 23, NULL, NULL),
(24, 4, 24, NULL, NULL),
(25, 4, 25, NULL, NULL),
(26, 4, 26, NULL, NULL),
(27, 4, 27, NULL, NULL),
(28, 4, 28, NULL, NULL),
(29, 4, 29, NULL, NULL),
(30, 4, 30, NULL, NULL),
(31, 5, 31, NULL, NULL),
(32, 5, 32, NULL, NULL),
(33, 5, 33, NULL, NULL),
(34, 5, 34, NULL, NULL),
(35, 5, 35, NULL, NULL),
(36, 5, 36, NULL, NULL),
(37, 5, 37, NULL, NULL),
(38, 5, 38, NULL, NULL),
(39, 5, 39, NULL, NULL),
(40, 5, 40, NULL, NULL),
(41, 5, 41, NULL, NULL),
(42, 5, 42, NULL, NULL),
(43, 6, 43, NULL, NULL),
(44, 6, 44, NULL, NULL),
(45, 6, 45, NULL, NULL),
(46, 6, 46, NULL, NULL),
(48, 7, 47, NULL, NULL),
(49, 7, 48, NULL, NULL),
(50, 7, 49, NULL, NULL),
(51, 7, 50, NULL, NULL),
(52, 7, 51, NULL, NULL);

-- --------------------------------------------------------

--
-- Table structure for table `fishes`
--

CREATE TABLE IF NOT EXISTS `fishes` (
  `id` int(10) unsigned NOT NULL,
  `name` varchar(255) COLLATE utf8mb4_unicode_ci NOT NULL,
  `image` varchar(255) COLLATE utf8mb4_unicode_ci DEFAULT NULL,
  `created_at` timestamp NULL DEFAULT NULL,
  `updated_at` timestamp NULL DEFAULT NULL
) ENGINE=InnoDB AUTO_INCREMENT=53 DEFAULT CHARSET=utf8mb4 COLLATE=utf8mb4_unicode_ci;

--
-- Dumping data for table `fishes`
--

INSERT INTO `fishes` (`id`, `name`, `image`, `created_at`, `updated_at`) VALUES
(1, 'Thunnus albacares - Cá ngừ vây vàng', '1.jpg', '2019-03-03 00:21:46', '2019-03-03 00:21:46'),
(2, 'Thunnus obesus - Cá ngừ mắt to', '2.jpg', '2019-03-03 00:21:46', '2019-03-03 00:21:46'),
(3, 'Thunnus alalunga - Cá ngừ vây dài', '3.jpg', '2019-03-03 00:21:46', '2019-03-03 00:21:46'),
(4, 'Thunnus orientalis - Cá ngừ vây xanh', '4.jpg', '2019-03-03 00:21:46', '2019-03-03 00:21:46'),
(5, 'Thunnus tonggol - Cá ngừ bò', '5.jpg', '2019-03-03 00:21:46', '2019-03-03 00:21:46'),
(6, 'Katsuwonus pelamis - Cá ngừ vằn', '6.jpg', '2019-03-03 00:21:46', '2019-03-03 00:21:46'),
(7, 'Gempylus serpens - Cá thu rắn', '7.jpg', '2019-03-03 00:21:46', '2019-03-03 00:21:46'),
(8, 'Acanthocybium solandri - Cá thu ngàng (cá thu hũ)', '8.jpg', '2019-03-03 00:21:46', '2019-03-03 00:21:46'),
(9, 'Scomberomoros commerson - Cá thu', '9.jpg', '2019-03-03 00:21:46', '2019-03-03 00:21:46'),
(10, 'Rainbow runner - Cá nục thu', '10.jpg', '2019-03-03 00:21:46', '2019-03-03 00:21:46'),
(11, 'Yellowtail amberjack (Seriola dumrili) - Cá cam', '11.jpg', '2019-03-03 00:21:46', '2019-03-03 00:21:46'),
(12, 'Lepidocybium flavobrunneum - Cá thầy bói (Cá đen)', '12.jpg', '2019-03-03 00:21:47', '2019-03-03 00:21:47'),
(13, 'Coryphaena hippurus - Cá dũa (cá bè dũa, cá nục heo)', '13.jpg', '2019-03-03 00:21:47', '2019-03-03 00:21:47'),
(14, 'Cottonmouth jack (Uraspsis helvola) - Cá khế (cá áo 6 sọc)', '14.jpg', '2019-03-03 00:21:47', '2019-03-03 00:21:47'),
(15, 'Sickle pomfret - Sickle pomfret', '15.jpg', '2019-03-03 00:21:47', '2019-03-03 00:21:47'),
(16, 'Makaira nigricans - Cá Maclin xanh', '16.jpg', '2019-03-03 00:21:47', '2019-03-03 00:21:47'),
(17, 'Makaira indica - Cá Maclin đen', '17.jpg', '2019-03-03 00:21:47', '2019-03-03 00:21:47'),
(18, 'Alepisaurus ferox - Cá hố ma', '18.jpg', '2019-03-03 00:21:47', '2019-03-03 00:21:47'),
(19, 'Sphyraena barracuda - Cá nhồng lớn', '19.jpg', '2019-03-03 00:21:47', '2019-03-03 00:21:47'),
(20, 'Istiophorus platypterus - Cá cờ lá (Cá cờ buồm)', '20.jpg', '2019-03-03 00:21:47', '2019-03-03 00:21:47'),
(21, 'Xiphias gladius - Cá cờ kiếm (Cá kiếm)', '21.jpg', '2019-03-03 00:21:47', '2019-03-03 00:21:47'),
(22, 'Oilfish (Ruvettus pretiosus) - Cá dầu', '22.jpg', '2019-03-03 00:21:47', '2019-03-03 00:21:47'),
(23, 'Opah (Lampris guttatus) - Cá đỏ (mặt trăng, mặt trời)', '23.jpg', '2019-03-03 00:21:47', '2019-03-03 00:21:47'),
(24, 'Pelagic pupfer (Tetraodon lagocephalus) - Cá nóc', '24.jpg', '2019-03-03 00:21:48', '2019-03-03 00:21:48'),
(25, 'Pelagic Porcupinefish - Cá nóc nhím', '25.jpg', '2019-03-03 00:21:48', '2019-03-03 00:21:48'),
(26, 'Black swallower (Chiasmodon niger) - Cá miệng rắn', '26.jpg', '2019-03-03 00:21:48', '2019-03-03 00:21:48'),
(27, 'Hammerjaw (Omosudis lowei) - Cá vây tia', '27.jpg', '2019-03-03 00:21:48', '2019-03-03 00:21:48'),
(28, 'Hairtail (Trichiurus sp./Lepidotus sp.) - Cá hố', '28.jpg', '2019-03-03 00:21:48', '2019-03-03 00:21:48'),
(29, 'Driftfish - Cá chim 2 vây', '29.jpg', '2019-03-03 00:21:48', '2019-03-03 00:21:48'),
(30, 'Pelagic trigger (Camthidermis maculates) - Cá bò', '30.jpg', '2019-03-03 00:21:48', '2019-03-03 00:21:48'),
(31, 'Alopias superciliosus - Cá nhám chó mắt to', '31.jpg', '2019-03-03 00:21:48', '2019-03-03 00:21:48'),
(32, 'Galeocerdo cuvier - Cá mập hổ', '32.jpg', '2019-03-03 00:21:48', '2019-03-03 00:21:48'),
(33, 'Blacktip (Carcharhinus limbatus) - Cá mập chỏm vây đen', '33.jpg', '2019-03-03 00:21:49', '2019-03-03 00:21:49'),
(34, 'Prionace glauca - Cá mập xanh', '34.jpg', '2019-03-03 00:21:49', '2019-03-03 00:21:49'),
(35, 'Sphyrna lewini - Cá nhám cào (Nhám búa)', '35.jpg', '2019-03-03 00:21:49', '2019-03-03 00:21:49'),
(36, 'Galapagos shark (Carcharhinus galapagenis) - Cá mập Galapagô', '36.jpg', '2019-03-03 00:21:49', '2019-03-03 00:21:49'),
(37, 'Marko shark - Cá mập Marko', '37.jpg', '2019-03-03 00:21:49', '2019-03-03 00:21:49'),
(38, 'Oceanic white-tip shark (Carcharhinus longimanus) - Cá mập vây ngực dài', '38.jpg', '2019-03-03 00:21:49', '2019-03-03 00:21:49'),
(39, 'Sandbar shark (Carcharhinus plumbeus) - Cá mập bò (Cá mập nâu)', '39.jpg', '2019-03-03 00:21:49', '2019-03-03 00:21:49'),
(40, 'Silky shark (Carcharhinus falciformis) - Cá mập mượt (Cá mập mồm rộng)', '40.jpg', '2019-03-03 00:21:49', '2019-03-03 00:21:49'),
(41, 'Alopias pelagicus - Cá nhám đuôi dài', '41.jpg', '2019-03-03 00:21:49', '2019-03-03 00:21:49'),
(42, 'Pseudocarcharias kamoharai - Cá mập sấu', '42.jpg', '2019-03-03 00:21:49', '2019-03-03 00:21:49'),
(43, 'Mobula spp. - Cá đuối dơi', '43.jpg', '2019-03-03 00:21:49', '2019-03-03 00:21:49'),
(44, 'Banded Eagle ray (Aetomylaeus nichofii) - Cá ó không gai', '44.jpg', '2019-03-03 00:21:49', '2019-03-03 00:21:49'),
(45, 'Blotched Fantail ray (Taeniura meyeni) - Cá đuối', '45.jpg', '2019-03-03 00:21:49', '2019-03-03 00:21:49'),
(46, 'Zebra shark (Stegostoma fasciatum) - Cá nhám nhu mì', '46.jpg', '2019-03-03 00:21:50', '2019-03-03 00:21:50'),
(47, 'Green turtle - Rùa xanh', '47.jpg', '2019-03-03 00:36:59', '2019-03-03 00:36:59'),
(48, 'Hawksbill turtle -  Rùa Hawksbill', '48.jpg', '2019-03-03 00:37:00', '2019-03-03 00:37:00'),
(49, 'Leatherback turtle - Rùa da lưng', '49.jpg', '2019-03-03 00:37:00', '2019-03-03 00:37:00'),
(50, 'Loggerhead turtle -  Rùa đầu to', '50.jpg', '2019-03-03 00:37:00', '2019-03-03 00:37:00'),
(51, 'Olive Ridley turtle -  Rùa Olive Ridley', '51.jpg', '2019-03-03 00:37:00', '2019-03-03 00:37:00'),
(52, 'Không xác định', NULL, NULL, NULL);

-- --------------------------------------------------------

--
-- Table structure for table `migrations`
--

CREATE TABLE IF NOT EXISTS `migrations` (
  `id` int(10) unsigned NOT NULL,
  `migration` varchar(255) COLLATE utf8mb4_unicode_ci NOT NULL,
  `batch` int(11) NOT NULL
) ENGINE=InnoDB AUTO_INCREMENT=2 DEFAULT CHARSET=utf8mb4 COLLATE=utf8mb4_unicode_ci;

--
-- Dumping data for table `migrations`
--

INSERT INTO `migrations` (`id`, `migration`, `batch`) VALUES
(1, '2019_01_15_072556_create_first_db', 1);

-- --------------------------------------------------------

--
-- Table structure for table `records`
--

CREATE TABLE IF NOT EXISTS `records` (
  `id` int(10) unsigned NOT NULL,
  `fish_id` int(10) unsigned NOT NULL,
  `long` varchar(255) COLLATE utf8mb4_unicode_ci NOT NULL,
  `weight` varchar(255) COLLATE utf8mb4_unicode_ci NOT NULL,
  `lat` varchar(255) COLLATE utf8mb4_unicode_ci NOT NULL,
  `lng` varchar(255) COLLATE utf8mb4_unicode_ci NOT NULL,
  `images` text COLLATE utf8mb4_unicode_ci NOT NULL,
  `catched_at` timestamp NULL DEFAULT NULL,
  `created_at` timestamp NULL DEFAULT NULL,
  `updated_at` timestamp NULL DEFAULT NULL
) ENGINE=InnoDB AUTO_INCREMENT=1445 DEFAULT CHARSET=utf8mb4 COLLATE=utf8mb4_unicode_ci;

--
-- Dumping data for table `records`
--

INSERT INTO `records` (`id`, `fish_id`, `long`, `weight`, `lat`, `lng`, `images`, `catched_at`, `created_at`, `updated_at`) VALUES
(1, 5, '100.0', '20.0', '12.2822617', '12.2822617', '["1_0_15e5c8b160d3479638d09f3d8c058a81.jpeg"]', '2019-03-12 07:16:30', '2019-03-12 00:16:30', '2019-03-12 00:16:30'),
(3, 0, '12.0', '124.0', '12.2822583', '12.2822583', '["3_0_b9a4075ad358e9f2b3846dc455fe2205.jpeg"]', '2019-03-12 07:20:15', '2019-03-12 00:20:13', '2019-03-12 00:20:15'),
(21, 1, '150.0', '40.0', '12.2822335', '12.2822335', '["21_0_8d4288d6c0c98a2c2f17647d4b5a0cb9.jpeg","21_1_8d4288d6c0c98a2c2f17647d4b5a0cb9.jpeg"]', '2019-03-13 14:49:25', '2019-03-13 14:49:23', '2019-03-13 14:49:25'),
(22, 5, '60.0', '5.0', '12.2822406', '12.2822406', '["22_0_bafa7c2126b580aba02f82b92b700d03.jpeg","22_1_82f7974113b373f87773d85aceb092a1.jpeg"]', '2019-03-13 14:52:36', '2019-03-13 14:52:34', '2019-03-13 14:52:36'),
(23, 1, '80.0', '5.0', '12.2822757', '12.2822757', '["23_0_af05e7225ab1352f88c1c7e83b2f43f9.jpeg","23_1_af05e7225ab1352f88c1c7e83b2f43f9.jpeg","23_2_7a472c7878bc69db1339148f0ffe869e.jpeg","23_3_7a472c7878bc69db1339148f0ffe869e.jpeg","23_4_7a472c7878bc69db1339148f0ffe869e.jpeg","23_5_3d260d528924174c638e5485867ad5ff.jpeg","23_6_3d260d528924174c638e5485867ad5ff.jpeg","23_7_3d260d528924174c638e5485867ad5ff.jpeg"]', '2019-03-13 14:54:53', '2019-03-13 14:54:50', '2019-03-13 14:54:53'),
(29, 1, '6035.0', '8350.0', '12.282258', '12.282258', '[]', '2019-03-12 08:32:03', '2019-03-15 17:20:50', '2019-03-15 17:20:50'),
(744, 40, '165.0', '45.0', '12.2658227', '12.2658227', '["744_0_14246e94ae19a5c1d4fcbbdfc59b7033.jpeg"]', '2019-05-02 03:44:33', '2019-05-02 03:44:32', '2019-05-02 03:44:33'),
(749, 5, '123.0', '12.0', '12.2656902', '109.2020393', '["749_0_d8a27b3249e89e5cc769eda54d9fbcbd.jpeg"]', '2019-05-02 04:37:06', '2019-05-02 04:37:05', '2019-05-02 04:37:06'),
(750, 33, '98.0', '16.0', '12.2351051', '109.1934405', '["750_0_59beb3e821572c74117e537c076a8f1d.jpeg","750_1_a911aeabc9db05a8f34cb6803756991f.jpeg","750_2_a911aeabc9db05a8f34cb6803756991f.jpeg","750_3_62451e24c40ae490f258e8a0f0ccc068.jpeg","750_4_7d4d7c1860c5c197c366cc434524ff08.jpeg","750_5_7d4d7c1860c5c197c366cc434524ff08.jpeg"]', '2019-05-03 06:58:35', '2019-05-03 06:58:28', '2019-05-03 06:58:35'),
(751, 38, '78.0', '12.0', '12.2351617', '109.1964282', '["751_0_59beb3e821572c74117e537c076a8f1d.jpeg","751_1_a911aeabc9db05a8f34cb6803756991f.jpeg","751_2_a911aeabc9db05a8f34cb6803756991f.jpeg","751_3_80cb7298a3a94144d9ce4e5ae42c7db2.jpeg","751_4_62451e24c40ae490f258e8a0f0ccc068.jpeg","751_5_7d4d7c1860c5c197c366cc434524ff08.jpeg"]', '2019-05-03 06:58:35', '2019-05-03 06:58:29', '2019-05-03 06:58:35'),
(752, 35, '150.0', '35.0', '12.2907618', '109.2061891', '["752_0_59beb3e821572c74117e537c076a8f1d.jpeg","752_1_18ee84af0cc62f3ebaf82a6bcc115c77.jpeg","752_2_80cb7298a3a94144d9ce4e5ae42c7db2.jpeg","752_3_62451e24c40ae490f258e8a0f0ccc068.jpeg","752_4_7d4d7c1860c5c197c366cc434524ff08.jpeg","752_5_7d4d7c1860c5c197c366cc434524ff08.jpeg"]', '2019-05-03 06:58:35', '2019-05-03 06:58:29', '2019-05-03 06:58:35'),
(938, 1, '120.0', '58.0', '12.2022081', '109.1939086', '[]', '2019-05-20 04:45:10', '2019-05-22 09:16:21', '2019-05-22 09:16:21'),
(939, 1, '120.0', '48.0', '12.2022081', '109.1939086', '[]', '2019-05-20 04:53:07', '2019-05-22 09:16:27', '2019-05-22 09:16:27'),
(940, 47, '60.0', '120.0', '12.2022081', '109.1939086', '["940_0_20ab9c521138c02a899737e876ab683f.jpeg"]', '2019-05-22 09:16:30', '2019-05-22 09:16:28', '2019-05-22 09:16:30'),
(941, 16, '150.0', '100.0', '12.2022081', '109.1939086', '[]', '2019-05-20 04:54:36', '2019-05-22 09:16:28', '2019-05-22 09:16:28'),
(942, 47, '25.0', '30.0', '12.2022081', '109.1939086', '["942_0_9bd05daf5501642aa68db0fed1a463ca.jpeg"]', '2019-05-22 09:27:41', '2019-05-22 09:27:40', '2019-05-22 09:27:41'),
(943, 0, '80.0', '150.0', '12.2022081', '109.1939086', '["943_0_9bd05daf5501642aa68db0fed1a463ca.jpeg"]', '2019-05-22 09:27:41', '2019-05-22 09:27:40', '2019-05-22 09:27:41'),
(944, 0, '80.0', '150.0', '12.2022081', '109.1939086', '["944_0_d162b5b4ff01559b90fdebb4b568c9dd.jpeg"]', '2019-05-22 09:27:42', '2019-05-22 09:27:41', '2019-05-22 09:27:42'),
(945, 1, '120.0', '48.0', '12.2022081', '109.1939086', '[]', '2019-05-22 09:21:58', '2019-05-22 09:27:41', '2019-05-22 09:27:41'),
(946, 47, '25.0', '30.0', '12.2022081', '109.1939086', '[]', '2019-05-22 09:17:07', '2019-05-22 09:27:42', '2019-05-22 09:27:42'),
(947, 1, '120.0', '48.0', '12.2022081', '109.1939086', '[]', '2019-05-22 09:21:58', '2019-05-22 09:27:42', '2019-05-22 09:27:42'),
(948, 16, '160.0', '200.0', '12.2022081', '109.1939086', '[]', '2019-05-22 09:25:45', '2019-05-22 09:36:23', '2019-05-22 09:36:23'),
(949, 1, '130.0', '50.0', '12.2022081', '109.1939086', '[]', '2019-05-22 09:24:39', '2019-05-22 09:36:24', '2019-05-22 09:36:24'),
(950, 1, '120.0', '58.0', '12.2021064', '109.1938629', '[]', '2019-05-22 09:33:43', '2019-05-29 20:50:00', '2019-05-29 20:50:00'),
(951, 20, '150.0', '80.0', '12.2021218', '109.1938312', '[]', '2019-05-22 09:34:02', '2019-05-29 20:50:01', '2019-05-29 20:50:01'),
(952, 16, '150.0', '59.0', '12.2021335', '109.193897', '[]', '2019-05-20 04:44:07', '2019-06-14 09:01:23', '2019-06-14 09:01:23'),
(953, 1, '120.0', '58.0', '12.2021335', '109.193897', '[]', '2019-05-20 04:42:58', '2019-06-14 09:01:24', '2019-06-14 09:01:24'),
(954, 1, '120.0', '48.0', '12.2021335', '109.193897', '[]', '2019-05-20 04:53:06', '2019-06-14 09:01:46', '2019-06-14 09:01:46'),
(955, 21, '170.0', '210.0', '12.2995634', '109.3363067', '[]', '2019-05-21 08:19:40', '2019-06-14 09:01:47', '2019-06-14 09:01:47'),
(956, 8, '25.0', '58.0', '12.202164', '109.1938506', '[]', '2019-06-14 08:51:12', '2019-06-14 09:01:49', '2019-06-14 09:01:49'),
(957, 18, '25.0', '36.0', '12.202164', '109.1938506', '[]', '2019-06-14 08:50:33', '2019-06-14 09:01:49', '2019-06-14 09:01:49'),
(958, 1, '25.0', '65.0', '12.202164', '109.1938506', '[]', '2019-06-14 08:50:05', '2019-06-14 09:01:49', '2019-06-14 09:01:49'),
(959, 24, '25.0', '65.0', '12.202164', '109.1938506', '[]', '2019-06-14 08:49:53', '2019-06-14 09:01:49', '2019-06-14 09:01:49'),
(960, 1, '125.0', '50.0', '12.2995325', '109.3362453', '[]', '2019-05-21 08:18:56', '2019-06-14 09:01:49', '2019-06-14 09:01:49'),
(961, 47, '60.0', '40.0', '12.2021335', '109.193897', '["961_0_df6eac6f63e7208094257c77d526b143.jpeg"]', '2019-06-14 09:01:51', '2019-06-14 09:01:49', '2019-06-14 09:01:51'),
(962, 16, '150.0', '100.0', '12.2021335', '109.193897', '[]', '2019-05-20 04:54:47', '2019-06-14 09:01:49', '2019-06-14 09:01:49'),
(963, 44, '25.0', '68.0', '12.202164', '109.1938506', '[]', '2019-06-14 08:52:12', '2019-06-14 09:01:49', '2019-06-14 09:01:49'),
(964, 31, '200.0', '160.0', '12.2995634', '109.3363067', '[]', '2019-05-21 08:30:28', '2019-06-14 09:01:50', '2019-06-14 09:01:50'),
(965, 34, '10.0', '10.0', '12.2907043', '109.2038871', '["965_0_c1b7e13f01b8df6a42a4b6d5cc21a35d.jpeg"]', '2019-06-16 05:16:12', '2019-06-16 05:16:05', '2019-06-16 05:16:12'),
(966, 34, '45.0', '8.0', '14.5655248', '109.0654023', '["966_0_92905f1cb9e1d67849dd3e5b3debfd37.jpeg","966_1_30d1749babfdf8b8259cf65a3c51376c.jpeg"]', '2019-06-16 05:16:18', '2019-06-16 05:16:06', '2019-06-16 05:16:18'),
(967, 45, '10.0', '10.0', '12.2906726', '109.20389', '["967_0_a72739102bf5b94bee7396f287e131d5.jpeg"]', '2019-06-16 05:16:16', '2019-06-16 05:16:12', '2019-06-16 05:16:16'),
(968, 21, '10.0', '10.0', '12.2907576', '109.2038978', '["968_0_a72739102bf5b94bee7396f287e131d5.jpeg"]', '2019-06-16 05:16:16', '2019-06-16 05:16:12', '2019-06-16 05:16:16'),
(969, 0, '6.0', '0.008', '12.2907222', '109.2038863', '["969_0_a72739102bf5b94bee7396f287e131d5.jpeg","969_1_30d1749babfdf8b8259cf65a3c51376c.jpeg","969_2_1eedbb3858b58f59639d89ab14a48fef.jpeg"]', '2019-06-16 05:16:19', '2019-06-16 05:16:12', '2019-06-16 05:16:19'),
(970, 15, '28.0', '1.5', '14.5661485', '109.0660259', '["970_0_a72739102bf5b94bee7396f287e131d5.jpeg","970_1_30d1749babfdf8b8259cf65a3c51376c.jpeg"]', '2019-06-16 05:16:18', '2019-06-16 05:16:12', '2019-06-16 05:16:18'),
(971, 2, '100.0', '65.0', '14.5660768', '109.0660464', '[]', '2019-06-16 05:18:28', '2019-06-16 05:24:45', '2019-06-16 05:24:45'),
(972, 1, '120.0', '55.0', '14.5660404', '109.0656832', '[]', '2019-06-16 05:15:59', '2019-06-16 05:24:46', '2019-06-16 05:24:46'),
(973, 20, '155.0', '80.0', '14.5660294', '109.0658436', '[]', '2019-06-16 05:17:49', '2019-06-16 05:24:46', '2019-06-16 05:24:46'),
(974, 1, '12.0', '65.0', '14.5658773', '109.0660386', '[]', '2019-06-16 05:16:35', '2019-06-16 05:24:55', '2019-06-16 05:24:55'),
(975, 1, '120.0', '65.0', '14.5659797', '109.0660227', '[]', '2019-06-16 05:21:14', '2019-06-16 05:29:45', '2019-06-16 05:29:45'),
(976, 1, '120.0', '50.0', '14.575515', '109.06726', '[]', '2019-06-16 08:16:58', '2019-06-16 08:23:06', '2019-06-16 08:23:06'),
(977, 1, '100.0', '50.0', '14.5658725', '109.0657257', '[]', '2019-06-16 05:21:09', '2019-06-16 08:40:48', '2019-06-16 08:40:48'),
(978, 1, '120.0', '35.0', '10.8899591', '110.5260125', '[]', '2019-05-28 20:14:40', '2019-06-18 06:58:20', '2019-06-18 06:58:20'),
(979, 25, '22.0', '0.33', '12.2906698', '109.2039112', '["979_0_8d9a2aae49616250a98aaa87969e4ea6.jpeg"]', '2019-06-18 06:58:23', '2019-06-18 06:58:21', '2019-06-18 06:58:23'),
(980, 1, '120.0', '32.0', '12.2021048', '109.1938333', '[]', '2019-05-26 20:32:27', '2019-06-18 06:58:22', '2019-06-18 06:58:22'),
(984, 49, '50.0', '4.0', '12.2021259', '109.1938081', '["984_0_dea638901480a381ccb9f2c9e22ff232.jpeg"]', '2019-07-25 07:50:41', '2019-07-25 07:50:39', '2019-07-25 07:50:41'),
(985, 32, '150.0', '80.0', '12.2021259', '109.1938081', '[]', '2019-06-18 04:12:16', '2019-07-25 07:50:40', '2019-07-25 07:50:40'),
(986, 28, '25.0', '65.0', '12.2021259', '109.1938081', '[]', '2019-06-18 03:57:40', '2019-07-25 07:50:41', '2019-07-25 07:50:41'),
(987, 1, '120.0', '60.0', '12.2021259', '109.1938081', '[]', '2019-06-18 04:11:42', '2019-07-25 07:50:41', '2019-07-25 07:50:41'),
(988, 5, '25.0', '15.0', '12.2021262', '109.1938085', '[]', '2019-06-18 03:55:31', '2019-07-25 07:50:41', '2019-07-25 07:50:41'),
(989, 1, '25.0', '65.0', '12.202164', '109.1938506', '[]', '2019-06-18 03:52:59', '2019-07-25 07:50:41', '2019-07-25 07:50:41'),
(990, 1, '25.0', '65.0', '12.202164', '109.1938506', '[]', '2019-06-14 08:58:23', '2019-07-25 07:50:41', '2019-07-25 07:50:41'),
(991, 21, '25.0', '80.0', '12.2021259', '109.1938081', '[]', '2019-06-18 04:16:02', '2019-07-25 07:51:18', '2019-07-25 07:51:18'),
(992, 1, '150.0', '90.0', '12.2021259', '109.1938081', '[]', '2019-06-18 04:15:25', '2019-07-25 07:51:18', '2019-07-25 07:51:18'),
(993, 0, '21.0', '0.35', '12.2020566', '109.1938304', '["993_0_5fa8d2847781ab5c7e0858bb0ab9a9d7.jpeg"]', '2019-07-27 10:15:48', '2019-07-27 10:15:47', '2019-07-27 10:15:48'),
(994, 0, '21.0', '5.0', '12.2022504', '109.1940015', '["994_0_646bfa3abe4d6720993c2787ab3373e7.jpeg"]', '2019-07-27 10:15:49', '2019-07-27 10:15:49', '2019-07-27 10:15:49'),
(995, 1, '27.0', '65.0', '12.2022504', '109.1940015', '[]', '2019-06-18 03:51:48', '2019-07-27 10:15:49', '2019-07-27 10:15:49'),
(996, 35, '21.0', '45.0', '14.5656132', '109.0654917', '["996_0_f2bc8878b4de538d471b1324fc9f8f6b.jpeg"]', '2019-07-27 10:15:50', '2019-07-27 10:15:49', '2019-07-27 10:15:50'),
(997, 35, '158.0', '75.0', '13.9388199', '109.0822995', '["997_0_f2bc8878b4de538d471b1324fc9f8f6b.jpeg","997_1_f2bc8878b4de538d471b1324fc9f8f6b.jpeg"]', '2019-07-27 10:15:50', '2019-07-27 10:15:49', '2019-07-27 10:15:50'),
(998, 35, '200.0', '50.0', '12.6841141', '109.2228121', '[]', '2019-06-17 06:28:24', '2019-07-27 10:15:49', '2019-07-27 10:15:49'),
(999, 35, '21.0', '1.0', '14.5658986', '109.0653662', '["999_0_f2bc8878b4de538d471b1324fc9f8f6b.jpeg"]', '2019-07-27 10:15:50', '2019-07-27 10:15:49', '2019-07-27 10:15:50'),
(1000, 0, '0.0', '0.0', '12.2906272', '109.2038689', '["1000_0_f68166a51bf27dc3afb0bb7448f96496.jpeg"]', '2019-07-28 03:11:38', '2019-07-28 03:11:37', '2019-07-28 03:11:38'),
(1001, 35, '288.0', '88.0', '12.3759615', '109.1963461', '["1001_0_8cb9d7dd268ee4882919ba6b31235f61.jpeg","1001_1_8cb9d7dd268ee4882919ba6b31235f61.jpeg","1001_2_4c2702481b8e8f70b43241dcbcb8552a.jpeg"]', '2019-07-29 02:04:20', '2019-07-29 02:04:18', '2019-07-29 02:04:20'),
(1002, 35, '160.0', '18.0', '12.2907191', '109.2038664', '["1002_0_4c2702481b8e8f70b43241dcbcb8552a.jpeg"]', '2019-07-29 02:04:20', '2019-07-29 02:04:19', '2019-07-29 02:04:20'),
(1003, 31, '198.0', '25.0', '12.3149943', '109.226404', '["1003_0_4c2702481b8e8f70b43241dcbcb8552a.jpeg","1003_1_e0335630d3c9dbb822bb0a17d8e6e7a4.jpeg","1003_2_e0335630d3c9dbb822bb0a17d8e6e7a4.jpeg","1003_3_e0335630d3c9dbb822bb0a17d8e6e7a4.jpeg"]', '2019-07-29 02:04:21', '2019-07-29 02:04:20', '2019-07-29 02:04:21'),
(1004, 40, '123.0', '28.0', '12.3323664', '109.2076591', '["1004_0_4c2702481b8e8f70b43241dcbcb8552a.jpeg"]', '2019-07-29 02:04:20', '2019-07-29 02:04:20', '2019-07-29 02:04:20'),
(1005, 31, '154.0', '65.0', '12.2907838', '109.2041465', '["1005_0_0b6165ef2a9bacc9cbf506f7e2970ca9.jpeg","1005_1_e3edcc01c681f033a1bf4957e2038e79.jpeg","1005_2_e3edcc01c681f033a1bf4957e2038e79.jpeg"]', '2019-07-29 02:04:48', '2019-07-29 02:04:47', '2019-07-29 02:04:48'),
(1006, 36, '59.0', '45.0', '12.2907838', '109.2041465', '["1006_0_0b6165ef2a9bacc9cbf506f7e2970ca9.jpeg","1006_1_e3edcc01c681f033a1bf4957e2038e79.jpeg","1006_2_e3edcc01c681f033a1bf4957e2038e79.jpeg"]', '2019-07-29 02:04:48', '2019-07-29 02:04:47', '2019-07-29 02:04:48'),
(1007, 35, '145.0', '85.0', '12.2907838', '109.2041465', '["1007_0_0b6165ef2a9bacc9cbf506f7e2970ca9.jpeg","1007_1_e3edcc01c681f033a1bf4957e2038e79.jpeg","1007_2_e3edcc01c681f033a1bf4957e2038e79.jpeg"]', '2019-07-29 02:04:48', '2019-07-29 02:04:47', '2019-07-29 02:04:48'),
(1008, 31, '123.0', '45.0', '12.315024', '109.2264354', '["1008_0_33246eee2f6b77b895af487e839b797e.jpeg","1008_1_33246eee2f6b77b895af487e839b797e.jpeg","1008_2_33246eee2f6b77b895af487e839b797e.jpeg"]', '2019-07-29 02:06:12', '2019-07-29 02:06:11', '2019-07-29 02:06:12'),
(1009, 36, '42.0', '23.0', '12.3323609', '109.2076131', '["1009_0_d8e410446302d64910ee89598b530a95.jpeg","1009_1_1be2e7947b81a70c3b47ed9005f420bb.jpeg","1009_2_1be2e7947b81a70c3b47ed9005f420bb.jpeg"]', '2019-07-29 02:06:14', '2019-07-29 02:06:13', '2019-07-29 02:06:14'),
(1010, 35, '132.0', '65.0', '12.3759846', '109.1963508', '["1010_0_d8e410446302d64910ee89598b530a95.jpeg","1010_1_1be2e7947b81a70c3b47ed9005f420bb.jpeg","1010_2_1be2e7947b81a70c3b47ed9005f420bb.jpeg"]', '2019-07-29 02:06:14', '2019-07-29 02:06:13', '2019-07-29 02:06:14'),
(1011, 33, '98.0', '28.0', '12.3812864', '109.2047638', '["1011_0_d3728e9c7bca387b775dd68bbae87904.jpeg","1011_1_d3728e9c7bca387b775dd68bbae87904.jpeg","1011_2_94d96ecacc7f2202d66d352ecac96860.jpeg"]', '2019-08-02 02:02:45', '2019-08-02 02:02:43', '2019-08-02 02:02:45'),
(1012, 32, '155.0', '58.0', '12.3759793', '109.1964824', '["1012_0_94d96ecacc7f2202d66d352ecac96860.jpeg","1012_1_94d96ecacc7f2202d66d352ecac96860.jpeg","1012_2_e935fa3091e7e604dbf433e1475c3e41.jpeg"]', '2019-08-02 02:02:46', '2019-08-02 02:02:44', '2019-08-02 02:02:46'),
(1013, 31, '68.0', '12.0', '12.3825183', '109.2068852', '["1013_0_94d96ecacc7f2202d66d352ecac96860.jpeg","1013_1_94d96ecacc7f2202d66d352ecac96860.jpeg","1013_2_e935fa3091e7e604dbf433e1475c3e41.jpeg"]', '2019-08-02 02:02:46', '2019-08-02 02:02:44', '2019-08-02 02:02:46'),
(1014, 38, '133.0', '11.0', '12.4054984', '109.240964', '["1014_0_94d96ecacc7f2202d66d352ecac96860.jpeg","1014_1_94d96ecacc7f2202d66d352ecac96860.jpeg","1014_2_e935fa3091e7e604dbf433e1475c3e41.jpeg","1014_3_e935fa3091e7e604dbf433e1475c3e41.jpeg"]', '2019-08-02 02:02:46', '2019-08-02 02:02:44', '2019-08-02 02:02:46'),
(1015, 38, '133.0', '45.0', '12.2907838', '109.2041465', '["1015_0_237412b40022ca2c6bd02b603fdcf4f2.jpeg","1015_1_67d05ebdccbe8e63ceb875b5e6311a02.jpeg","1015_2_46fb09a7463791d7ef8531f27030f9b6.jpeg"]', '2019-08-02 02:03:57', '2019-08-02 02:03:55', '2019-08-02 02:03:57'),
(1016, 33, '165.0', '56.0', '12.2907838', '109.2041465', '["1016_0_67d05ebdccbe8e63ceb875b5e6311a02.jpeg","1016_1_67d05ebdccbe8e63ceb875b5e6311a02.jpeg","1016_2_46fb09a7463791d7ef8531f27030f9b6.jpeg"]', '2019-08-02 02:03:57', '2019-08-02 02:03:55', '2019-08-02 02:03:57'),
(1017, 31, '123.0', '45.0', '12.2907838', '109.2041465', '["1017_0_237412b40022ca2c6bd02b603fdcf4f2.jpeg","1017_1_67d05ebdccbe8e63ceb875b5e6311a02.jpeg","1017_2_46fb09a7463791d7ef8531f27030f9b6.jpeg"]', '2019-08-02 02:03:57', '2019-08-02 02:03:55', '2019-08-02 02:03:57'),
(1018, 32, '135.0', '65.0', '12.2907838', '109.2041465', '["1018_0_67d05ebdccbe8e63ceb875b5e6311a02.jpeg","1018_1_67d05ebdccbe8e63ceb875b5e6311a02.jpeg","1018_2_46fb09a7463791d7ef8531f27030f9b6.jpeg"]', '2019-08-02 02:03:57', '2019-08-02 02:03:55', '2019-08-02 02:03:57'),
(1019, 33, '123.0', '56.0', '12.3816371', '109.204609', '["1019_0_faf4f253434d51fff1e5de1c79cd924b.jpeg","1019_1_161f0acac6b33cdc57801f7b1cd2d2eb.jpeg","1019_2_161f0acac6b33cdc57801f7b1cd2d2eb.jpeg"]', '2019-08-02 02:04:35', '2019-08-02 02:04:33', '2019-08-02 02:04:35'),
(1020, 31, '132.0', '45.0', '12.3831126', '109.2067076', '["1020_0_faf4f253434d51fff1e5de1c79cd924b.jpeg","1020_1_161f0acac6b33cdc57801f7b1cd2d2eb.jpeg","1020_2_161f0acac6b33cdc57801f7b1cd2d2eb.jpeg"]', '2019-08-02 02:04:35', '2019-08-02 02:04:33', '2019-08-02 02:04:35'),
(1021, 32, '231.0', '90.0', '12.3759157', '109.1965474', '["1021_0_faf4f253434d51fff1e5de1c79cd924b.jpeg","1021_1_161f0acac6b33cdc57801f7b1cd2d2eb.jpeg","1021_2_161f0acac6b33cdc57801f7b1cd2d2eb.jpeg"]', '2019-08-02 02:04:35', '2019-08-02 02:04:33', '2019-08-02 02:04:35'),
(1022, 38, '169.0', '31.0', '12.4055241', '109.2409568', '["1022_0_faf4f253434d51fff1e5de1c79cd924b.jpeg","1022_1_161f0acac6b33cdc57801f7b1cd2d2eb.jpeg","1022_2_161f0acac6b33cdc57801f7b1cd2d2eb.jpeg"]', '2019-08-02 02:04:35', '2019-08-02 02:04:33', '2019-08-02 02:04:35'),
(1023, 6, '0.5', '15.0', '10.9333144', '108.1210169', '[]', '2019-08-28 03:39:01', '2019-08-28 03:46:29', '2019-08-28 03:46:29'),
(1024, 9, '1.5', '20.0', '10.9333144', '108.1210169', '[]', '2019-08-28 03:40:38', '2019-08-28 03:46:30', '2019-08-28 03:46:30'),
(1025, 5, '1.2', '20.0', '10.9333144', '108.1210169', '[]', '2019-08-28 03:39:58', '2019-08-28 03:46:31', '2019-08-28 03:46:31'),
(1026, 1, '80.0', '24.0', '10.9265774', '110.4206894', '[]', '2019-08-22 18:17:04', '2019-09-10 08:54:51', '2019-09-10 08:54:51'),
(1027, 1, '105.0', '35.0', '10.0904677', '111.1669554', '[]', '2019-08-30 20:33:50', '2019-09-10 08:54:52', '2019-09-10 08:54:52'),
(1028, 2, '125.0', '90.0', '13.4148613', '111.6527913', '[]', '2019-09-08 06:47:59', '2019-09-10 08:54:52', '2019-09-10 08:54:52'),
(1029, 1, '120.0', '55.0', '10.9269047', '110.4214232', '[]', '2019-08-22 18:17:36', '2019-09-10 08:54:52', '2019-09-10 08:54:52'),
(1030, 1, '95.0', '35.0', '10.9276395', '110.4226601', '[]', '2019-08-23 19:55:33', '2019-09-10 08:54:53', '2019-09-10 08:54:53'),
(1031, 1, '110.0', '40.0', '10.0385928', '111.3905579', '[]', '2019-08-26 22:11:36', '2019-09-10 08:54:53', '2019-09-10 08:54:53'),
(1032, 8, '100.0', '8.0', '10.0332233', '110.9371717', '[]', '2019-08-25 22:21:57', '2019-09-10 08:54:54', '2019-09-10 08:54:54'),
(1033, 1, '110.0', '45.0', '10.9276395', '110.4226601', '[]', '2019-08-22 19:24:19', '2019-09-10 08:54:54', '2019-09-10 08:54:54'),
(1034, 1, '115.0', '50.0', '10.9276395', '110.4226601', '[]', '2019-08-22 18:37:40', '2019-09-10 08:54:54', '2019-09-10 08:54:54'),
(1035, 1, '95.0', '35.0', '10.9276395', '110.4226601', '[]', '2019-08-22 19:24:45', '2019-09-10 08:54:54', '2019-09-10 08:54:54'),
(1036, 8, '90.0', '5.0', '10.0332233', '110.9371717', '[]', '2019-08-25 22:22:28', '2019-09-10 08:54:54', '2019-09-10 08:54:54'),
(1037, 8, '85.0', '5.0', '10.037743', '111.3946778', '[]', '2019-08-26 21:42:08', '2019-09-10 08:54:54', '2019-09-10 08:54:54'),
(1038, 1, '120.0', '50.0', '10.0332233', '110.9371717', '[]', '2019-08-24 15:18:27', '2019-09-10 08:54:54', '2019-09-10 08:54:54'),
(1039, 1, '85.0', '25.0', '10.0377431', '111.3946781', '[]', '2019-08-26 21:39:42', '2019-09-10 08:54:54', '2019-09-10 08:54:54'),
(1040, 1, '100.0', '35.0', '10.0904677', '111.1669554', '[]', '2019-08-28 20:09:33', '2019-09-10 08:54:54', '2019-09-10 08:54:54'),
(1041, 1, '105.0', '45.0', '10.0904677', '111.1669554', '[]', '2019-09-03 22:38:33', '2019-09-10 08:54:54', '2019-09-10 08:54:54'),
(1042, 1, '105.0', '40.0', '10.0904677', '111.1669554', '[]', '2019-09-01 22:35:45', '2019-09-10 08:54:54', '2019-09-10 08:54:54'),
(1043, 1, '110.0', '40.0', '10.0904677', '111.1669554', '[]', '2019-08-30 20:23:16', '2019-09-10 08:54:55', '2019-09-10 08:54:55'),
(1044, 8, '80.0', '5.0', '10.0904677', '111.1669554', '[]', '2019-08-28 20:09:57', '2019-09-10 08:54:55', '2019-09-10 08:54:55'),
(1045, 1, '110.0', '50.0', '10.0904677', '111.1669554', '[]', '2019-09-03 22:38:05', '2019-09-10 08:54:55', '2019-09-10 08:54:55'),
(1046, 1, '100.0', '35.0', '10.0904677', '111.1669554', '[]', '2019-09-03 22:39:03', '2019-09-10 08:54:55', '2019-09-10 08:54:55'),
(1047, 3, '125.0', '90.0', '13.4148848', '111.6527851', '[]', '2019-09-05 22:24:54', '2019-09-10 08:54:55', '2019-09-10 08:54:55'),
(1048, 1, '110.0', '50.0', '10.0904677', '111.1669554', '[]', '2019-08-29 19:58:39', '2019-09-10 08:54:55', '2019-09-10 08:54:55'),
(1049, 1, '100.0', '35.0', '10.0904677', '111.1669554', '[]', '2019-09-01 22:36:01', '2019-09-10 15:46:19', '2019-09-10 15:46:19'),
(1050, 34, '88.0', '12.0', '12.0954342', '109.1885145', '["1050_0_f20d72168b46410fad5935ab5c3112bf.jpeg","1050_1_f20d72168b46410fad5935ab5c3112bf.jpeg","1050_2_48a45a3f5387469b09c1294c0ae1178f.jpeg"]', '2019-09-11 02:13:55', '2019-09-11 02:13:53', '2019-09-11 02:13:55'),
(1051, 1, '105.0', '40.0', '9.4064365', '109.8717214', '[]', '2019-08-26 22:20:47', '2019-09-14 01:14:01', '2019-09-14 01:14:01'),
(1052, 1, '106.0', '36.0', '9.4064365', '109.8717214', '[]', '2019-08-27 21:06:51', '2019-09-14 01:14:02', '2019-09-14 01:14:02'),
(1053, 1, '104.0', '37.0', '10.176706', '109.9392997', '[]', '2019-09-03 23:40:00', '2019-09-14 01:14:02', '2019-09-14 01:14:02'),
(1054, 1, '110.0', '40.0', '9.4064365', '109.8717214', '[]', '2019-08-27 21:06:05', '2019-09-14 01:14:03', '2019-09-14 01:14:03'),
(1055, 43, '200.0', '150.0', '9.4064365', '109.8717214', '["1055_0_440b7740cdb959df8fc3e9e7db7d0712.jpeg"]', '2019-09-14 01:14:04', '2019-09-14 01:14:03', '2019-09-14 01:14:04'),
(1056, 1, '112.0', '40.0', '9.4064365', '109.8717214', '[]', '2019-08-26 21:03:56', '2019-09-14 01:14:03', '2019-09-14 01:14:03'),
(1057, 1, '108.0', '40.0', '9.4064365', '109.8717214', '[]', '2019-08-28 22:40:07', '2019-09-14 01:14:03', '2019-09-14 01:14:03'),
(1058, 1, '102.0', '37.0', '9.4064365', '109.8717214', '[]', '2019-08-26 21:03:28', '2019-09-14 01:14:03', '2019-09-14 01:14:03'),
(1059, 1, '100.0', '30.0', '9.4064365', '109.8717214', '[]', '2019-08-27 21:07:07', '2019-09-14 01:14:03', '2019-09-14 01:14:03'),
(1060, 1, '105.0', '37.0', '10.176706', '109.9392997', '[]', '2019-08-30 23:00:45', '2019-09-14 01:14:03', '2019-09-14 01:14:03'),
(1061, 43, '200.0', '150.0', '9.4064365', '109.8717214', '["1061_0_440b7740cdb959df8fc3e9e7db7d0712.jpeg"]', '2019-09-14 01:14:04', '2019-09-14 01:14:03', '2019-09-14 01:14:04'),
(1062, 1, '110.0', '46.0', '10.176706', '109.9392997', '[]', '2019-09-04 21:49:06', '2019-09-14 01:14:04', '2019-09-14 01:14:04'),
(1063, 1, '104.0', '36.0', '9.4064365', '109.8717214', '[]', '2019-08-28 22:39:31', '2019-09-14 01:14:04', '2019-09-14 01:14:04'),
(1064, 1, '110.0', '40.0', '10.176706', '109.9392997', '[]', '2019-08-30 23:00:31', '2019-09-14 01:14:04', '2019-09-14 01:14:04'),
(1065, 1, '106.0', '40.0', '10.176706', '109.9392997', '[]', '2019-09-04 21:49:19', '2019-09-14 01:14:04', '2019-09-14 01:14:04'),
(1066, 1, '105.0', '37.0', '10.176706', '109.9392997', '[]', '2019-08-30 23:00:00', '2019-09-14 01:14:04', '2019-09-14 01:14:04'),
(1067, 1, '110.0', '50.0', '10.176706', '109.9392997', '[]', '2019-09-03 23:38:51', '2019-09-14 01:14:04', '2019-09-14 01:14:04'),
(1068, 1, '102.0', '35.0', '10.176706', '109.9392997', '[]', '2019-09-02 22:45:35', '2019-09-14 01:14:04', '2019-09-14 01:14:04'),
(1069, 1, '103.0', '35.0', '9.4064365', '109.8717214', '[]', '2019-08-28 22:39:50', '2019-09-14 01:14:05', '2019-09-14 01:14:05'),
(1070, 1, '100.0', '25.0', '10.176706', '109.9392997', '[]', '2019-09-03 23:39:12', '2019-09-14 01:14:05', '2019-09-14 01:14:05'),
(1071, 1, '103.0', '34.0', '10.176706', '109.9392997', '[]', '2019-09-03 23:39:44', '2019-09-14 01:14:05', '2019-09-14 01:14:05'),
(1072, 1, '106.0', '40.0', '10.176706', '109.9392997', '[]', '2019-09-03 23:39:00', '2019-09-14 01:14:05', '2019-09-14 01:14:05'),
(1073, 1, '108.0', '40.0', '10.176706', '109.9392997', '[]', '2019-09-07 22:43:57', '2019-09-14 01:14:05', '2019-09-14 01:14:05'),
(1074, 1, '103.0', '36.0', '10.176706', '109.9392997', '[]', '2019-09-03 23:39:25', '2019-09-14 01:14:05', '2019-09-14 01:14:05'),
(1087, 0, '10.0', '10.0', '12.2907282', '12.2907282', '["1087_0_2cbb15cb72a21485d7387564a6897a00.png","1087_1_5c43a7a073ffa8191f7e5ab05dd7dde3.png","1087_2_79b176f4aef64490b9f1e9b3f0612d40.png"]', '2019-10-14 07:05:14', '2019-10-14 07:04:58', '2019-10-14 07:05:14'),
(1088, 0, '18.0', '69.0', '12.2909582', '12.2909582', '["1088_0_1a76cab26bc7cf5c0111875b7439db19.png","1088_1_aa72444e4b9117f32fbdf1a7732c7499.png"]', '2019-10-14 07:05:11', '2019-10-14 07:04:59', '2019-10-14 07:05:11'),
(1089, 1, '110.0', '40.0', '18.3705333', '118.6143821', '[]', '2019-09-24 02:23:12', '2019-10-15 06:55:03', '2019-10-15 06:55:03'),
(1090, 8, '110.0', '6.0', '18.70640233', '118.54185211', '[]', '2019-09-25 02:09:04', '2019-10-15 06:55:03', '2019-10-15 06:55:03'),
(1091, 1, '115.0', '45.0', '18.3705351', '118.6143805', '[]', '2019-09-24 02:25:01', '2019-10-15 06:55:04', '2019-10-15 06:55:04'),
(1092, 1, '105.0', '35.0', '18.70640233', '118.54185211', '[]', '2019-09-25 02:08:46', '2019-10-15 06:55:04', '2019-10-15 06:55:04'),
(1093, 2, '100.0', '50.0', '18.3705351', '118.6143805', '[]', '2019-09-24 02:25:23', '2019-10-15 06:55:04', '2019-10-15 06:55:04'),
(1094, 21, '150.0', '80.0', '18.3705351', '118.6143805', '[]', '2019-09-24 02:25:50', '2019-10-15 06:55:04', '2019-10-15 06:55:04'),
(1095, 1, '110.0', '40.0', '18.70633054', '118.54183588', '[]', '2019-09-25 02:03:58', '2019-10-15 06:55:04', '2019-10-15 06:55:04'),
(1096, 1, '110.0', '40.0', '18.70640233', '118.54185211', '[]', '2019-10-01 01:44:36', '2019-10-15 06:55:06', '2019-10-15 06:55:06'),
(1097, 2, '105.0', '40.0', '18.70640233', '118.54185211', '[]', '2019-09-30 02:48:40', '2019-10-15 06:55:06', '2019-10-15 06:55:06'),
(1098, 1, '105.0', '35.0', '18.70640233', '118.54185211', '[]', '2019-10-04 00:32:37', '2019-10-15 06:55:06', '2019-10-15 06:55:06'),
(1099, 1, '110.0', '40.0', '18.70640233', '118.54185211', '[]', '2019-10-01 01:44:23', '2019-10-15 06:55:06', '2019-10-15 06:55:06'),
(1100, 2, '105.0', '40.0', '18.70640233', '118.54185211', '[]', '2019-09-30 02:49:06', '2019-10-15 06:55:06', '2019-10-15 06:55:06'),
(1101, 1, '110.0', '40.0', '18.70640233', '118.54185211', '[]', '2019-09-27 21:37:21', '2019-10-15 06:55:06', '2019-10-15 06:55:06'),
(1102, 2, '100.0', '35.0', '18.70640233', '118.54185211', '[]', '2019-10-03 00:16:40', '2019-10-15 06:55:06', '2019-10-15 06:55:06'),
(1103, 1, '115.0', '50.0', '18.70640233', '118.54185211', '[]', '2019-09-27 21:36:51', '2019-10-15 06:55:06', '2019-10-15 06:55:06'),
(1104, 1, '105.0', '35.0', '18.70640233', '118.54185211', '[]', '2019-09-27 21:37:07', '2019-10-15 06:55:07', '2019-10-15 06:55:07'),
(1105, 1, '115.0', '40.0', '18.70640233', '118.54185211', '[]', '2019-09-28 23:31:42', '2019-10-15 06:55:07', '2019-10-15 06:55:07'),
(1106, 1, '105.0', '35.0', '18.70640233', '118.54185211', '[]', '2019-10-01 01:44:59', '2019-10-15 06:55:07', '2019-10-15 06:55:07'),
(1107, 1, '110.0', '40.0', '18.70640233', '118.54185211', '[]', '2019-09-30 02:48:25', '2019-10-15 06:55:07', '2019-10-15 06:55:07'),
(1108, 2, '110.0', '45.0', '18.70640233', '118.54185211', '[]', '2019-09-30 02:48:54', '2019-10-15 06:55:07', '2019-10-15 06:55:07'),
(1109, 1, '110.0', '40.0', '18.70640233', '118.54185211', '[]', '2019-09-27 21:36:37', '2019-10-15 06:55:07', '2019-10-15 06:55:07'),
(1110, 1, '100.0', '30.0', '18.70640233', '118.54185211', '[]', '2019-10-01 01:46:25', '2019-10-15 06:55:07', '2019-10-15 06:55:07'),
(1111, 1, '105.0', '35.0', '18.70640233', '118.54185211', '[]', '2019-09-27 21:37:52', '2019-10-15 06:55:07', '2019-10-15 06:55:07'),
(1112, 1, '115.0', '45.0', '18.70640233', '118.54185211', '[]', '2019-09-25 02:08:29', '2019-10-15 06:55:08', '2019-10-15 06:55:08'),
(1113, 1, '100.0', '30.0', '18.70640233', '118.54185211', '[]', '2019-10-01 01:45:50', '2019-10-15 06:55:08', '2019-10-15 06:55:08'),
(1114, 1, '100.0', '30.0', '18.70640233', '118.54185211', '[]', '2019-10-02 00:22:37', '2019-10-15 06:55:08', '2019-10-15 06:55:08'),
(1115, 1, '105.0', '35.0', '18.70640233', '118.54185211', '[]', '2019-10-01 01:46:13', '2019-10-15 06:55:08', '2019-10-15 06:55:08'),
(1116, 2, '105.0', '45.0', '18.70640233', '118.54185211', '[]', '2019-10-03 00:16:25', '2019-10-15 06:55:08', '2019-10-15 06:55:08'),
(1117, 1, '105.0', '35.0', '18.70640233', '118.54185211', '[]', '2019-10-01 01:45:36', '2019-10-15 06:55:08', '2019-10-15 06:55:08'),
(1118, 1, '100.0', '30.0', '18.70640233', '118.54185211', '[]', '2019-10-01 01:46:02', '2019-10-15 06:55:08', '2019-10-15 06:55:08'),
(1119, 1, '105.0', '35.0', '18.70640233', '118.54185211', '[]', '2019-10-01 01:45:14', '2019-10-15 06:55:08', '2019-10-15 06:55:08'),
(1120, 1, '105.0', '35.0', '18.70640233', '118.54185211', '[]', '2019-10-04 00:32:27', '2019-10-15 06:55:09', '2019-10-15 06:55:09'),
(1121, 1, '120.0', '50.0', '18.70640233', '118.54185211', '[]', '2019-10-04 00:32:04', '2019-10-15 06:55:09', '2019-10-15 06:55:09'),
(1122, 1, '110.0', '40.0', '18.70640233', '118.54185211', '[]', '2019-10-04 00:32:15', '2019-10-15 06:55:09', '2019-10-15 06:55:09'),
(1123, 1, '105.0', '35.0', '18.70640233', '118.54185211', '[]', '2019-10-03 00:18:31', '2019-10-15 06:55:09', '2019-10-15 06:55:09'),
(1124, 1, '105.0', '35.0', '18.70640233', '118.54185211', '[]', '2019-10-03 00:18:21', '2019-10-15 06:55:09', '2019-10-15 06:55:09'),
(1125, 1, '100.0', '30.0', '18.70640233', '118.54185211', '[]', '2019-10-04 00:33:17', '2019-10-15 06:55:09', '2019-10-15 06:55:09'),
(1126, 1, '100.0', '30.0', '18.70640233', '118.54185211', '[]', '2019-10-04 00:33:29', '2019-10-15 06:55:09', '2019-10-15 06:55:09'),
(1127, 1, '110.0', '40.0', '18.70640233', '118.54185211', '[]', '2019-10-04 00:32:56', '2019-10-15 06:55:09', '2019-10-15 06:55:09'),
(1128, 1, '105.0', '35.0', '18.70640233', '118.54185211', '[]', '2019-10-03 00:17:48', '2019-10-15 06:55:10', '2019-10-15 06:55:10'),
(1129, 1, '110.0', '40.0', '18.70640233', '118.54185211', '[]', '2019-10-03 00:17:04', '2019-10-15 06:55:10', '2019-10-15 06:55:10'),
(1130, 1, '105.0', '35.0', '18.70640233', '118.54185211', '[]', '2019-10-03 00:17:29', '2019-10-15 06:55:10', '2019-10-15 06:55:10'),
(1131, 1, '110.0', '40.0', '18.70640233', '118.54185211', '[]', '2019-10-02 00:22:22', '2019-10-15 06:55:10', '2019-10-15 06:55:10'),
(1132, 1, '100.0', '25.0', '18.70640233', '118.54185211', '[]', '2019-10-06 02:09:34', '2019-10-15 06:55:10', '2019-10-15 06:55:10'),
(1133, 2, '105.0', '35.0', '18.70640233', '118.54185211', '[]', '2019-10-03 00:16:53', '2019-10-15 06:55:10', '2019-10-15 06:55:10'),
(1134, 1, '120.0', '50.0', '18.70640233', '118.54185211', '[]', '2019-10-01 01:45:24', '2019-10-15 06:55:10', '2019-10-15 06:55:10'),
(1135, 1, '110.0', '40.0', '18.70640233', '118.54185211', '[]', '2019-10-06 02:09:06', '2019-10-15 06:55:10', '2019-10-15 06:55:10'),
(1136, 1, '105.0', '35.0', '18.70640233', '118.54185211', '[]', '2019-10-04 00:32:46', '2019-10-15 06:55:11', '2019-10-15 06:55:11'),
(1137, 1, '110.0', '40.0', '18.70640233', '118.54185211', '[]', '2019-10-06 02:09:19', '2019-10-15 06:55:11', '2019-10-15 06:55:11'),
(1138, 1, '120.0', '50.0', '18.70640233', '118.54185211', '[]', '2019-10-03 00:17:58', '2019-10-15 06:55:11', '2019-10-15 06:55:11'),
(1139, 1, '105.0', '35.0', '18.70640233', '118.54185211', '[]', '2019-09-27 21:37:37', '2019-10-15 06:55:11', '2019-10-15 06:55:11'),
(1140, 1, '105.0', '35.0', '18.70640233', '118.54185211', '[]', '2019-10-01 01:44:48', '2019-10-15 06:55:11', '2019-10-15 06:55:11'),
(1141, 1, '105.0', '35.0', '18.70640233', '118.54185211', '[]', '2019-10-04 00:33:06', '2019-10-15 06:55:11', '2019-10-15 06:55:11'),
(1142, 1, '110.0', '40.0', '18.70640233', '118.54185211', '[]', '2019-10-03 00:17:17', '2019-10-15 06:55:11', '2019-10-15 06:55:11'),
(1143, 1, '105.0', '35.0', '18.70640233', '118.54185211', '[]', '2019-10-03 00:17:38', '2019-10-15 06:55:11', '2019-10-15 06:55:11'),
(1144, 1, '95.0', '25.0', '18.70640233', '118.54185211', '[]', '2019-10-02 00:22:49', '2019-10-15 06:55:12', '2019-10-15 06:55:12'),
(1145, 1, '105.0', '35.0', '18.70640233', '118.54185211', '[]', '2019-10-03 00:18:11', '2019-10-15 06:55:12', '2019-10-15 06:55:12'),
(1146, 1, '105.0', '40.0', '18.2330397', '118.6140212', '[]', '2019-09-23 19:36:45', '2019-10-15 06:56:32', '2019-10-15 06:56:32'),
(1147, 1, '110.0', '40.0', '18.7221761', '118.54633', '[]', '2019-09-25 22:13:33', '2019-10-15 06:56:33', '2019-10-15 06:56:33'),
(1148, 1, '120.0', '60.0', '18.7219848', '118.5463608', '[]', '2019-09-25 02:09:51', '2019-10-15 06:56:33', '2019-10-15 06:56:33'),
(1149, 34, '210.0', '80.0', '18.2330398', '118.6140213', '["1149_0_e8f0c44106671e8c509cd646e12e1954.jpeg"]', '2019-10-15 06:56:35', '2019-10-15 06:56:34', '2019-10-15 06:56:35'),
(1150, 1, '105.0', '35.0', '18.92973257', '120.13865222', '[]', '2019-10-03 20:49:52', '2019-10-15 06:56:35', '2019-10-15 06:56:35'),
(1151, 1, '100.0', '35.0', '18.2420593', '118.6059474', '[]', '2019-09-23 20:59:39', '2019-10-15 06:56:35', '2019-10-15 06:56:35'),
(1152, 1, '95.0', '25.0', '18.38542335', '119.94789165', '[]', '2019-09-28 19:44:42', '2019-10-15 06:56:35', '2019-10-15 06:56:35'),
(1153, 1, '120.0', '50.0', '18.92973257', '120.13865222', '[]', '2019-09-30 21:25:37', '2019-10-15 06:56:35', '2019-10-15 06:56:35'),
(1154, 1, '110.0', '40.0', '18.92973257', '120.13865222', '[]', '2019-09-29 18:35:44', '2019-10-15 06:56:35', '2019-10-15 06:56:35'),
(1155, 1, '105.0', '35.0', '18.92973257', '120.13865222', '[]', '2019-09-29 18:36:09', '2019-10-15 06:56:35', '2019-10-15 06:56:35'),
(1156, 1, '110.0', '40.0', '18.92973163', '120.13861955', '[]', '2019-09-29 18:33:15', '2019-10-15 06:56:35', '2019-10-15 06:56:35'),
(1157, 1, '105.0', '35.0', '18.92973257', '120.13865222', '[]', '2019-09-29 18:36:21', '2019-10-15 06:56:35', '2019-10-15 06:56:35'),
(1158, 1, '105.0', '30.0', '18.92973257', '120.13865222', '[]', '2019-09-30 21:26:03', '2019-10-15 06:56:36', '2019-10-15 06:56:36'),
(1159, 1, '105.0', '35.0', '18.92973257', '120.13865222', '[]', '2019-09-30 21:25:48', '2019-10-15 06:56:36', '2019-10-15 06:56:36'),
(1160, 1, '100.0', '30.0', '18.92973257', '120.13865222', '[]', '2019-09-29 18:37:00', '2019-10-15 06:56:36', '2019-10-15 06:56:36'),
(1161, 1, '100.0', '30.0', '18.92973257', '120.13865222', '[]', '2019-09-29 18:36:46', '2019-10-15 06:56:36', '2019-10-15 06:56:36'),
(1162, 1, '110.0', '40.0', '18.92973257', '120.13865222', '[]', '2019-09-29 20:50:39', '2019-10-15 06:56:36', '2019-10-15 06:56:36'),
(1163, 1, '110.0', '40.0', '18.92973257', '120.13865222', '[]', '2019-10-03 20:50:14', '2019-10-15 06:56:36', '2019-10-15 06:56:36'),
(1164, 1, '105.0', '35.0', '18.92973257', '120.13865222', '[]', '2019-10-01 22:35:54', '2019-10-15 06:56:37', '2019-10-15 06:56:37'),
(1165, 1, '105.0', '35.0', '18.92973257', '120.13865222', '[]', '2019-09-29 18:35:56', '2019-10-15 06:56:37', '2019-10-15 06:56:37'),
(1166, 1, '120.0', '50.0', '18.92973257', '120.13865222', '[]', '2019-10-06 01:08:32', '2019-10-15 06:56:37', '2019-10-15 06:56:37'),
(1167, 1, '110.0', '40.0', '18.92973257', '120.13865222', '[]', '2019-10-03 20:48:56', '2019-10-15 06:56:37', '2019-10-15 06:56:37'),
(1168, 1, '125.0', '60.0', '18.92973257', '120.13865222', '[]', '2019-10-06 01:08:45', '2019-10-15 06:56:37', '2019-10-15 06:56:37'),
(1169, 21, '110.0', '45.0', '18.2420593', '118.6059474', '[]', '2019-09-23 21:00:21', '2019-10-15 06:56:37', '2019-10-15 06:56:37'),
(1170, 1, '105.0', '35.0', '18.92973257', '120.13865222', '[]', '2019-10-02 20:13:46', '2019-10-15 06:56:37', '2019-10-15 06:56:37'),
(1171, 1, '120.0', '50.0', '18.92973257', '120.13865222', '[]', '2019-10-03 20:49:19', '2019-10-15 06:56:38', '2019-10-15 06:56:38'),
(1172, 1, '110.0', '40.0', '18.92973257', '120.13865222', '[]', '2019-09-29 18:35:20', '2019-10-15 06:56:38', '2019-10-15 06:56:38'),
(1173, 1, '110.0', '40.0', '18.92973257', '120.13865222', '[]', '2019-10-03 00:00:49', '2019-10-15 06:56:38', '2019-10-15 06:56:38'),
(1174, 1, '110.0', '40.0', '18.92973257', '120.13865222', '[]', '2019-09-29 18:35:31', '2019-10-15 06:56:38', '2019-10-15 06:56:38'),
(1175, 21, '100.0', '30.0', '18.7221761', '118.54633', '[]', '2019-09-25 02:21:25', '2019-10-15 06:56:38', '2019-10-15 06:56:38'),
(1176, 1, '105.0', '35.0', '18.92973257', '120.13865222', '[]', '2019-09-29 18:36:32', '2019-10-15 06:56:38', '2019-10-15 06:56:38'),
(1177, 1, '120.0', '50.0', '18.92973257', '120.13865222', '[]', '2019-10-02 20:13:34', '2019-10-15 06:56:38', '2019-10-15 06:56:38'),
(1178, 1, '15.0', '35.0', '18.92973257', '120.13865222', '[]', '2019-10-03 20:50:29', '2019-10-15 06:56:38', '2019-10-15 06:56:38'),
(1179, 1, '105.0', '35.0', '18.92973257', '120.13865222', '[]', '2019-10-01 22:35:43', '2019-10-15 06:56:39', '2019-10-15 06:56:39'),
(1180, 3, '80.0', '15.0', '18.92973257', '120.13865222', '[]', '2019-10-06 01:09:03', '2019-10-15 06:56:39', '2019-10-15 06:56:39'),
(1181, 1, '105.0', '35.0', '18.92973257', '120.13865222', '[]', '2019-10-01 22:35:34', '2019-10-15 06:56:39', '2019-10-15 06:56:39'),
(1182, 1, '115.0', '45.0', '18.92973257', '120.13865222', '[]', '2019-10-03 00:00:35', '2019-10-15 06:56:39', '2019-10-15 06:56:39'),
(1183, 1, '110.0', '40.0', '18.92973257', '120.13865222', '[]', '2019-10-03 20:50:03', '2019-10-15 06:56:39', '2019-10-15 06:56:39'),
(1184, 1, '110.0', '40.0', '18.92973257', '120.13865222', '[]', '2019-09-30 21:25:23', '2019-10-15 06:56:39', '2019-10-15 06:56:39'),
(1185, 1, '105.0', '35.0', '18.92973257', '120.13865222', '[]', '2019-10-03 20:50:44', '2019-10-15 06:56:39', '2019-10-15 06:56:39'),
(1186, 1, '100.0', '30.0', '18.92973257', '120.13865222', '[]', '2019-09-29 20:50:56', '2019-10-15 06:56:39', '2019-10-15 06:56:39'),
(1187, 1, '105.0', '35.0', '18.92973257', '120.13865222', '[]', '2019-09-29 18:37:11', '2019-10-15 06:56:40', '2019-10-15 06:56:40'),
(1188, 1, '105.0', '35.0', '18.92973257', '120.13865222', '[]', '2019-10-03 20:49:41', '2019-10-15 06:56:40', '2019-10-15 06:56:40'),
(1189, 1, '105.0', '35.0', '18.38542278', '119.94789322', '[]', '2019-09-28 19:35:49', '2019-10-15 06:56:40', '2019-10-15 06:56:40'),
(1190, 1, '100.0', '28.0', '18.92973257', '120.13865222', '[]', '2019-09-30 21:26:20', '2019-10-15 06:56:40', '2019-10-15 06:56:40'),
(1191, 1, '105.0', '35.0', '18.92973257', '120.13865222', '[]', '2019-10-03 20:49:30', '2019-10-15 06:56:40', '2019-10-15 06:56:40'),
(1192, 1, '120.0', '50.0', '12.2790912', '12.2790912', '[]', '2019-10-24 08:19:10', '2019-10-24 08:29:14', '2019-10-24 08:29:14'),
(1193, 16, '50.0', '20.0', '12.2791965', '12.2791965', '[]', '2019-10-24 08:21:26', '2019-10-24 08:29:15', '2019-10-24 08:29:15'),
(1194, 1, '105.0', '37.0', '9.9583777', '9.9583777', '[]', '2019-10-20 23:08:50', '2019-11-23 07:37:16', '2019-11-23 07:37:16'),
(1195, 1, '110.0', '40.0', '12.2022834', '12.2022834', '[]', '2019-10-17 04:54:53', '2019-11-23 07:37:17', '2019-11-23 07:37:17'),
(1196, 1, '99.0', '25.0', '9.7565695', '9.7565695', '[]', '2019-10-21 22:22:23', '2019-11-23 07:37:18', '2019-11-23 07:37:18'),
(1197, 1, '100.0', '27.0', '9.9583777', '9.9583777', '[]', '2019-10-20 23:09:39', '2019-11-23 07:37:19', '2019-11-23 07:37:19'),
(1198, 1, '103.0', '35.0', '13.3579912', '13.3579912', '[]', '2019-11-01 00:38:27', '2019-11-23 07:37:19', '2019-11-23 07:37:19'),
(1199, 1, '104.0', '35.0', '9.9583777', '9.9583777', '[]', '2019-10-20 23:09:19', '2019-11-23 07:37:19', '2019-11-23 07:37:19'),
(1200, 1, '106.0', '40.0', '9.9583777', '9.9583777', '[]', '2019-10-20 23:08:20', '2019-11-23 07:37:19', '2019-11-23 07:37:19'),
(1201, 1, '102.0', '35.0', '9.8296254', '9.8296254', '[]', '2019-10-21 00:31:44', '2019-11-23 07:37:19', '2019-11-23 07:37:19'),
(1202, 1, '107.0', '39.0', '13.3579912', '13.3579912', '[]', '2019-11-03 01:42:12', '2019-11-23 07:37:19', '2019-11-23 07:37:19'),
(1203, 1, '106.0', '40.0', '9.8296254', '9.8296254', '[]', '2019-10-21 00:31:07', '2019-11-23 07:37:19', '2019-11-23 07:37:19'),
(1204, 1, '105.0', '37.0', '9.8296254', '9.8296254', '[]', '2019-10-21 00:31:30', '2019-11-23 07:37:19', '2019-11-23 07:37:19'),
(1205, 1, '112.0', '55.0', '13.3579912', '13.3579912', '[]', '2019-11-01 23:46:50', '2019-11-23 07:37:19', '2019-11-23 07:37:19'),
(1206, 1, '105.0', '40.0', '13.3579912', '13.3579912', '[]', '2019-11-01 23:47:13', '2019-11-23 07:37:20', '2019-11-23 07:37:20'),
(1207, 1, '98.0', '24.0', '9.9583777', '9.9583777', '[]', '2019-10-21 00:29:09', '2019-11-23 07:37:20', '2019-11-23 07:37:20'),
(1208, 1, '107.0', '39.0', '13.3579912', '13.3579912', '[]', '2019-11-06 22:30:41', '2019-11-23 07:37:20', '2019-11-23 07:37:20'),
(1209, 1, '108.0', '47.0', '13.3579912', '13.3579912', '[]', '2019-11-01 23:47:01', '2019-11-23 07:37:20', '2019-11-23 07:37:20'),
(1210, 1, '106.0', '38.0', '13.3579912', '13.3579912', '[]', '2019-11-01 00:37:10', '2019-11-23 07:37:20', '2019-11-23 07:37:20'),
(1211, 1, '103.0', '35.0', '13.3579912', '13.3579912', '[]', '2019-11-01 23:47:24', '2019-11-23 07:37:20', '2019-11-23 07:37:20'),
(1212, 1, '106.0', '40.0', '9.9583777', '9.9583777', '[]', '2019-10-20 02:38:55', '2019-11-23 07:37:20', '2019-11-23 07:37:20'),
(1213, 1, '107.0', '40.0', '13.3579912', '13.3579912', '[]', '2019-11-01 00:37:43', '2019-11-23 07:37:20', '2019-11-23 07:37:20'),
(1214, 1, '109.0', '45.0', '9.7565695', '9.7565695', '[]', '2019-10-31 23:23:55', '2019-11-23 07:37:20', '2019-11-23 07:37:20'),
(1215, 1, '100.0', '28.0', '9.8296254', '9.8296254', '[]', '2019-10-21 00:31:58', '2019-11-23 07:37:20', '2019-11-23 07:37:20'),
(1216, 1, '110.0', '40.0', '12.2022681', '12.2022681', '[]', '2019-10-17 04:44:21', '2019-11-23 07:37:41', '2019-11-23 07:37:41'),
(1217, 1, '109.0', '40.0', '12.1902055', '12.1902055', '[]', '2019-10-20 21:44:35', '2019-11-23 07:37:41', '2019-11-23 07:37:41'),
(1218, 1, '100.0', '27.0', '12.1902055', '12.1902055', '[]', '2019-10-20 21:46:21', '2019-11-23 07:37:41', '2019-11-23 07:37:41'),
(1219, 1, '106.0', '40.0', '12.1902055', '12.1902055', '[]', '2019-10-20 02:37:39', '2019-11-23 07:37:41', '2019-11-23 07:37:41'),
(1220, 1, '98.0', '21.0', '12.1902055', '12.1902055', '[]', '2019-10-20 21:47:07', '2019-11-23 07:37:41', '2019-11-23 07:37:41'),
(1221, 1, '107.0', '40.0', '9.7946193', '9.7946193', '[]', '2019-10-21 00:30:09', '2019-11-23 07:37:41', '2019-11-23 07:37:41'),
(1222, 1, '106.0', '39.0', '13.3690104', '13.3690104', '[]', '2019-11-01 01:55:21', '2019-11-23 07:37:41', '2019-11-23 07:37:41'),
(1223, 1, '101.0', '28.0', '12.1902055', '12.1902055', '[]', '2019-10-20 21:46:36', '2019-11-23 07:37:41', '2019-11-23 07:37:41'),
(1224, 1, '104.0', '37.0', '9.7948614', '9.7948614', '[]', '2019-10-31 22:39:14', '2019-11-23 07:37:41', '2019-11-23 07:37:41'),
(1225, 1, '105.0', '40.0', '9.7948614', '9.7948614', '[]', '2019-10-31 22:38:33', '2019-11-23 07:37:41', '2019-11-23 07:37:41'),
(1226, 1, '104.0', '35.0', '9.7946193', '9.7946193', '[]', '2019-10-21 00:30:25', '2019-11-23 07:37:42', '2019-11-23 07:37:42'),
(1227, 1, '108.0', '43.0', '9.7948614', '9.7948614', '[]', '2019-10-31 22:38:55', '2019-11-23 07:37:42', '2019-11-23 07:37:42'),
(1228, 1, '107.0', '46.0', '13.3690104', '13.3690104', '[]', '2019-11-01 01:55:34', '2019-11-23 07:37:42', '2019-11-23 07:37:42'),
(1229, 1, '108.0', '45.0', '13.3690104', '13.3690104', '[]', '2019-11-01 23:06:49', '2019-11-23 07:37:42', '2019-11-23 07:37:42'),
(1230, 1, '106.0', '37.0', '12.1902055', '12.1902055', '[]', '2019-10-20 21:44:49', '2019-11-23 07:37:42', '2019-11-23 07:37:42'),
(1231, 1, '105.0', '36.0', '12.1902055', '12.1902055', '[]', '2019-10-20 21:45:24', '2019-11-23 07:37:42', '2019-11-23 07:37:42'),
(1232, 1, '109.0', '47.0', '13.3690104', '13.3690104', '[]', '2019-11-01 23:06:08', '2019-11-23 07:37:42', '2019-11-23 07:37:42'),
(1233, 1, '95.0', '20.0', '9.7948614', '9.7948614', '[]', '2019-10-23 23:07:06', '2019-11-23 07:37:42', '2019-11-23 07:37:42'),
(1234, 1, '106.0', '40.0', '13.3690104', '13.3690104', '[]', '2019-11-01 23:06:24', '2019-11-23 07:37:43', '2019-11-23 07:37:43'),
(1235, 1, '110.0', '50.0', '13.3690104', '13.3690104', '[]', '2019-11-01 23:05:54', '2019-11-23 07:37:43', '2019-11-23 07:37:43'),
(1236, 1, '102.0', '26.0', '12.1902055', '12.1902055', '[]', '2019-10-20 21:47:25', '2019-11-23 07:37:43', '2019-11-23 07:37:43'),
(1237, 1, '100.0', '27.0', '9.7946193', '9.7946193', '[]', '2019-10-21 00:30:43', '2019-11-23 07:37:43', '2019-11-23 07:37:43'),
(1238, 1, '105.0', '37.0', '9.7946193', '9.7946193', '[]', '2019-10-21 00:29:55', '2019-11-23 07:37:43', '2019-11-23 07:37:43'),
(1239, 1, '105.0', '35.0', '13.3690104', '13.3690104', '[]', '2019-11-01 23:07:11', '2019-11-23 07:37:43', '2019-11-23 07:37:43'),
(1240, 31, '12.0', '14.0', '21.0212816', '21.0212816', '["1240_0_362d2f6d514ee4bdb73f9b4803a807eb.png"]', '2019-11-30 03:00:12', '2019-11-30 03:00:05', '2019-11-30 03:00:12'),
(1241, 21, '150.0', '68.0', '21.0338907', '21.0338907', '["1241_0_255031c38d527e65e52ed12d9da97888.png"]', '2019-11-30 03:00:14', '2019-11-30 03:00:05', '2019-11-30 03:00:14'),
(1242, 45, '55.0', '16.0', '12.2568367', '12.2568367', '["1242_0_97474b665fd96360446a2516f6ef4fb2.png","1242_1_03f67a80a63332daaf53f58eb111c5ae.png"]', '2019-12-03 04:12:44', '2019-12-03 04:12:33', '2019-12-03 04:12:44'),
(1243, 14, '11.0', '0.08', '12.2568367', '12.2568367', '["1243_0_7a941aaa268f4389c9dcd37905db23fc.png","1243_1_a73fa5bc3f5f810a4f059681ae003e8e.png","1243_2_317dc72c1f9f2c1d08ba27211164f2b6.png"]', '2019-12-03 04:12:53', '2019-12-03 04:12:33', '2019-12-03 04:12:53'),
(1244, 8, '2.0', '1.3', '12.2644099', '12.2644099', '["1244_0_a73fa5bc3f5f810a4f059681ae003e8e.png","1244_1_2ec1afcf1d00fbc113abab5573e13574.png","1244_2_4e28e945cdade6df40f7c3f3174ba7f4.png"]', '2019-12-03 04:12:59', '2019-12-03 04:12:34', '2019-12-03 04:12:59'),
(1245, 20, '10.0', '2.3', '12.2568367', '12.2568367', '["1245_0_a7fa3829d6422ccdf993bd996163344e.png"]', '2019-12-03 04:12:46', '2019-12-03 04:12:34', '2019-12-03 04:12:46'),
(1246, 14, '9.0', '0.7', '12.2568367', '12.2568367', '["1246_0_a7fa3829d6422ccdf993bd996163344e.png"]', '2019-12-03 04:12:46', '2019-12-03 04:12:34', '2019-12-03 04:12:46'),
(1248, 1, '99.0', '18.0', '12.2656659', '109.2020629', '["1248_0_0fba70cf9395e965a3ca8a8d8604f17a.png","1248_1_7ecd1116d90b13bb63be6d767abfc207.png","1248_2_4997e7e032cc2f12482ae4f57a351f6c.png"]', '2019-12-07 07:07:39', '2019-12-07 07:07:19', '2019-12-07 07:07:39'),
(1249, 1, '30.0', '1.0', '12.2907294', '109.2038657', '["1249_0_00a03b65d86c42101a65f4540fefa5b2.png","1249_1_2ae36e7d8132603c5ede50e10f23190e.png","1249_2_f41175aa86570a4196f3e5f2a16a16b3.png"]', '2019-12-07 07:08:30', '2019-12-07 07:07:20', '2019-12-07 07:08:30'),
(1250, 1, '89.0', '20.0', '12.2656561', '109.2020627', '["1250_0_23b35f1df663884ecd2e0e6ce218bf8a.png","1250_1_5e8c72719ac86ecc851024ab66d2bdaf.png","1250_2_08ef2131c8d54a6076d7406799b27d71.png"]', '2019-12-07 07:08:36', '2019-12-07 07:07:39', '2019-12-07 07:08:36'),
(1251, 1, '33.0', '2.0', '12.2907506', '109.2039459', '["1251_0_fcb64c82c84b29b0a7aa8373a9aeffff.png","1251_1_e8874b0d62332bc87b19edfde4155486.png","1251_2_a7a0e204fe6dbeae5c9e26ec2676a48f.png"]', '2019-12-07 07:08:01', '2019-12-07 07:07:40', '2019-12-07 07:08:01'),
(1252, 21, '250.0', '38.0', '12.2978276', '109.21188', '[]', '2019-12-07 15:25:21', '2019-12-08 09:20:29', '2019-12-08 09:20:29'),
(1253, 21, '250.0', '78.0', '12.2907202', '109.2041493', '[]', '2019-12-08 07:01:04', '2019-12-08 09:20:30', '2019-12-08 09:20:30'),
(1254, 1, '100.0', '1.0', '12.2907531', '109.2038611', '[]', '2019-12-07 06:37:53', '2019-12-08 09:20:30', '2019-12-08 09:20:30'),
(1255, 21, '158.0', '21.0', '12.2766423', '109.2007166', '[]', '2019-12-08 07:25:51', '2019-12-08 09:20:30', '2019-12-08 09:20:30'),
(1256, 1, '78.0', '18.0', '12.2656236', '109.2020321', '[]', '2019-12-07 07:16:53', '2019-12-08 09:20:30', '2019-12-08 09:20:30'),
(1257, 21, '98.0', '18.0', '12.2905505', '109.2040633', '[]', '2019-12-07 14:36:03', '2019-12-08 09:20:30', '2019-12-08 09:20:30'),
(1258, 21, '158.0', '21.0', '12.2766423', '109.2007166', '[]', '2019-12-08 07:25:51', '2019-12-08 09:20:35', '2019-12-08 09:20:35'),
(1259, 1, '78.0', '18.0', '12.2656236', '109.2020321', '[]', '2019-12-07 07:16:53', '2019-12-08 09:20:35', '2019-12-08 09:20:35'),
(1260, 21, '250.0', '78.0', '12.2907202', '109.2041493', '[]', '2019-12-08 07:01:04', '2019-12-08 09:20:35', '2019-12-08 09:20:35'),
(1261, 21, '98.0', '18.0', '12.2905505', '109.2040633', '[]', '2019-12-07 14:36:03', '2019-12-08 09:20:35', '2019-12-08 09:20:35'),
(1262, 1, '100.0', '1.0', '12.2907531', '109.2038611', '[]', '2019-12-07 06:37:53', '2019-12-08 09:20:36', '2019-12-08 09:20:36'),
(1263, 21, '250.0', '38.0', '12.2978276', '109.21188', '[]', '2019-12-07 15:25:21', '2019-12-08 09:20:36', '2019-12-08 09:20:36'),
(1264, 21, '98.0', '21.0', '12.2906195', '109.2041062', '[]', '2019-12-08 07:02:37', '2019-12-08 09:21:02', '2019-12-08 09:21:02'),
(1265, 21, '188.0', '28.0', '12.2905809', '109.2039545', '[]', '2019-12-07 14:38:57', '2019-12-08 09:21:02', '2019-12-08 09:21:02'),
(1266, 21, '77.0', '18.0', '12.2978217', '109.2119779', '["1266_0_de7825c49726e91e40225f799bc37a3d.png"]', '2019-12-08 09:21:12', '2019-12-08 09:21:02', '2019-12-08 09:21:12'),
(1267, 21, '198.0', '52.0', '12.2766272', '109.2007495', '[]', '2019-12-08 07:24:36', '2019-12-08 09:21:02', '2019-12-08 09:21:02'),
(1268, 21, '188.0', '28.0', '12.2905809', '109.2039545', '["1268_0_fc780538c28ee22a4753307d296074ab.png","1268_1_4c6f6513af9f79d0c2098b6cfcaebf52.png"]', '2019-12-08 09:21:56', '2019-12-08 09:21:15', '2019-12-08 09:21:56');
INSERT INTO `records` (`id`, `fish_id`, `long`, `weight`, `lat`, `lng`, `images`, `catched_at`, `created_at`, `updated_at`) VALUES
(1269, 21, '198.0', '52.0', '12.2766272', '109.2007495', '["1269_0_a1886d3195d1e9f2726ad097de6fa92c.png","1269_1_4c6f6513af9f79d0c2098b6cfcaebf52.png","1269_2_ee53ea57b897116a6e9fa895feafd368.png"]', '2019-12-08 09:22:18', '2019-12-08 09:21:15', '2019-12-08 09:22:18'),
(1270, 21, '77.0', '18.0', '12.2978217', '109.2119779', '["1270_0_b1d8ef6cc0b01a302a07884df6a8ed66.png","1270_1_f8d304774aa95f109eb1d47ed46f559d.png"]', '2019-12-08 09:22:00', '2019-12-08 09:21:15', '2019-12-08 09:22:00'),
(1271, 21, '98.0', '21.0', '12.2906195', '109.2041062', '["1271_0_632af2a0e0bc0ec83fea6ad86d877ee7.png","1271_1_a3aa04fabccd7abc0411905dd450b24c.png","1271_2_f8d304774aa95f109eb1d47ed46f559d.png"]', '2019-12-08 09:22:00', '2019-12-08 09:21:15', '2019-12-08 09:22:00'),
(1272, 1, '100.0', '1.0', '12.2907531', '109.2038611', '["1272_0_79f0256ecb11c8f7652b5048d4bc51b7.png","1272_1_59614aa74defd4f59ac16d7503ea96ae.png","1272_2_53f7d7a355fd949083a74e124c909b3c.png"]', '2019-12-08 09:22:31', '2019-12-08 09:21:27', '2019-12-08 09:22:31'),
(1273, 21, '98.0', '18.0', '12.2905505', '109.2040633', '["1273_0_e36ffcb81ffa0c93511a0fd6118cff1e.png"]', '2019-12-08 09:22:05', '2019-12-08 09:21:27', '2019-12-08 09:22:05'),
(1274, 1, '78.0', '18.0', '12.2656236', '109.2020321', '["1274_0_ee53ea57b897116a6e9fa895feafd368.png","1274_1_53f7d7a355fd949083a74e124c909b3c.png","1274_2_852b811398afcaddcd52eb3745b7b375.png"]', '2019-12-08 09:22:38', '2019-12-08 09:21:27', '2019-12-08 09:22:38'),
(1275, 21, '158.0', '21.0', '12.2766423', '109.2007166', '["1275_0_75a31e2e3bca4ad01fddaa967f642256.png"]', '2019-12-08 09:22:17', '2019-12-08 09:21:27', '2019-12-08 09:22:17'),
(1276, 21, '250.0', '78.0', '12.2907202', '109.2041493', '["1276_0_75a31e2e3bca4ad01fddaa967f642256.png"]', '2019-12-08 09:22:17', '2019-12-08 09:21:27', '2019-12-08 09:22:17'),
(1277, 21, '250.0', '38.0', '12.2978276', '109.21188', '["1277_0_ee53ea57b897116a6e9fa895feafd368.png","1277_1_8ffac5eec55c54f291dad037c7ca7367.png","1277_2_9148f51e6b4d2f99fbf4b4c95de616a1.png"]', '2019-12-08 09:22:36', '2019-12-08 09:21:28', '2019-12-08 09:22:36'),
(1278, 21, '98.0', '39.0', '12.2978549', '109.2120113', '["1278_0_d77a45edffc33d43454200a241b00d3d.png"]', '2019-12-08 09:24:34', '2019-12-08 09:24:19', '2019-12-08 09:24:34'),
(1279, 17, '87.0', '11.0', '12.2908702', '109.2036283', '["1279_0_cae9dc2e9dd98ead7286ce016507e07b.png"]', '2019-12-08 09:24:36', '2019-12-08 09:24:21', '2019-12-08 09:24:36'),
(1280, 21, '108.0', '28.0', '12.2906214', '109.2039896', '["1280_0_cae9dc2e9dd98ead7286ce016507e07b.png"]', '2019-12-08 09:24:36', '2019-12-08 09:24:21', '2019-12-08 09:24:36'),
(1281, 21, '71.0', '11.0', '12.2765054', '109.2006046', '["1281_0_cae9dc2e9dd98ead7286ce016507e07b.png"]', '2019-12-08 09:24:36', '2019-12-08 09:24:21', '2019-12-08 09:24:36'),
(1282, 21, '71.0', '11.0', '12.2765054', '109.2006046', '["1282_0_3ab110d6a67279f54447f43f9ac359bf.png","1282_1_09cd294d83100f14706f849045feb67a.png"]', '2019-12-08 09:25:14', '2019-12-08 09:24:42', '2019-12-08 09:25:14'),
(1283, 21, '98.0', '39.0', '12.2978549', '109.2120113', '["1283_0_3ab110d6a67279f54447f43f9ac359bf.png","1283_1_3fd98b5466ab84b18f144289ac3d3c64.png"]', '2019-12-08 09:25:15', '2019-12-08 09:24:42', '2019-12-08 09:25:15'),
(1284, 21, '108.0', '28.0', '12.2906214', '109.2039896', '["1284_0_3ab110d6a67279f54447f43f9ac359bf.png","1284_1_09cd294d83100f14706f849045feb67a.png"]', '2019-12-08 09:25:14', '2019-12-08 09:24:42', '2019-12-08 09:25:14'),
(1285, 21, '188.0', '28.0', '12.2905809', '109.2039545', '[]', '2019-12-07 14:38:57', '2019-12-08 10:00:46', '2019-12-08 10:00:46'),
(1290, 21, '188.0', '28.0', '12.2905809', '109.2039545', '[]', '2019-12-07 14:38:57', '2019-12-16 08:16:22', '2019-12-16 08:16:22'),
(1291, 21, '188.0', '28.0', '12.2905809', '109.2039545', '[]', '2019-12-07 14:38:57', '2019-12-16 08:17:52', '2019-12-16 08:17:52'),
(1292, 21, '188.0', '28.0', '12.2905809', '109.2039545', '[]', '2019-12-07 14:38:57', '2019-12-16 08:19:23', '2019-12-16 08:19:23'),
(1293, 18, '12.0', '0.5', '12.2907587', '109.203945', '["1293_0_bb255521bbc07b9dc70a43c0c203af4f.jpeg"]', '2019-12-16 08:25:38', '2019-12-16 08:25:38', '2019-12-16 08:25:38'),
(1294, 1, '120.0', '32.0', '12.2021048', '109.1938333', '[]', '2019-05-26 20:32:27', '2019-12-17 05:48:09', '2019-12-17 05:48:09'),
(1295, 1, '120.0', '35.0', '10.8899591', '110.5260125', '[]', '2019-05-28 20:14:40', '2019-12-17 05:48:10', '2019-12-17 05:48:10'),
(1296, 1, '120.0', '35.0', '10.8899591', '110.5260125', '[]', '2019-05-28 20:14:40', '2019-12-17 05:51:40', '2019-12-17 05:51:40'),
(1297, 1, '120.0', '32.0', '12.2021048', '109.1938333', '[]', '2019-05-26 20:32:27', '2019-12-17 05:51:41', '2019-12-17 05:51:41'),
(1298, 32, '135.0', '65.0', '12.2907838', '109.2041465', '[]', '2019-07-29 02:37:19', '2019-12-17 05:53:13', '2019-12-17 05:53:13'),
(1299, 33, '165.0', '56.0', '12.2907838', '109.2041465', '[]', '2019-07-29 02:50:20', '2019-12-17 05:53:14', '2019-12-17 05:53:14'),
(1300, 31, '123.0', '45.0', '12.2907838', '109.2041465', '[]', '2019-07-29 04:55:14', '2019-12-17 05:53:15', '2019-12-17 05:53:15'),
(1301, 38, '133.0', '45.0', '12.2907838', '109.2041465', '[]', '2019-07-29 03:29:40', '2019-12-17 05:53:15', '2019-12-17 05:53:15'),
(1302, 32, '135.0', '65.0', '12.2907838', '109.2041465', '[]', '2019-07-29 02:37:19', '2019-12-17 05:54:27', '2019-12-17 05:54:27'),
(1303, 33, '165.0', '56.0', '12.2907838', '109.2041465', '[]', '2019-07-29 02:50:20', '2019-12-17 05:54:27', '2019-12-17 05:54:27'),
(1304, 31, '123.0', '45.0', '12.2907838', '109.2041465', '[]', '2019-07-29 04:55:14', '2019-12-17 05:54:27', '2019-12-17 05:54:27'),
(1305, 38, '133.0', '45.0', '12.2907838', '109.2041465', '[]', '2019-07-29 03:29:40', '2019-12-17 05:54:28', '2019-12-17 05:54:28'),
(1306, 38, '133.0', '45.0', '12.2907838', '109.2041465', '[]', '2019-07-29 03:29:40', '2019-12-17 07:48:08', '2019-12-17 07:48:08'),
(1307, 32, '135.0', '65.0', '12.2907838', '109.2041465', '[]', '2019-07-29 02:37:19', '2019-12-17 07:48:09', '2019-12-17 07:48:09'),
(1308, 31, '123.0', '45.0', '12.2907838', '109.2041465', '[]', '2019-07-29 04:55:14', '2019-12-17 07:48:09', '2019-12-17 07:48:09'),
(1309, 33, '165.0', '56.0', '12.2907838', '109.2041465', '[]', '2019-07-29 02:50:20', '2019-12-17 07:48:09', '2019-12-17 07:48:09'),
(1310, 32, '135.0', '65.0', '12.2907838', '109.2041465', '[]', '2019-07-29 02:37:19', '2019-12-17 15:45:29', '2019-12-17 15:45:29'),
(1311, 31, '123.0', '45.0', '12.2907838', '109.2041465', '[]', '2019-07-29 04:55:14', '2019-12-17 15:45:30', '2019-12-17 15:45:30'),
(1312, 38, '133.0', '45.0', '12.2907838', '109.2041465', '[]', '2019-07-29 03:29:40', '2019-12-17 15:45:31', '2019-12-17 15:45:31'),
(1313, 33, '165.0', '56.0', '12.2907838', '109.2041465', '[]', '2019-07-29 02:50:20', '2019-12-17 15:45:31', '2019-12-17 15:45:31'),
(1314, 31, '123.0', '45.0', '12.2907838', '109.2041465', '[]', '2019-07-29 04:55:14', '2019-12-18 13:57:42', '2019-12-18 13:57:42'),
(1315, 38, '133.0', '45.0', '12.2907838', '109.2041465', '[]', '2019-07-29 03:29:40', '2019-12-18 13:57:43', '2019-12-18 13:57:43'),
(1316, 33, '165.0', '56.0', '12.2907838', '109.2041465', '[]', '2019-07-29 02:50:20', '2019-12-18 13:57:44', '2019-12-18 13:57:44'),
(1317, 32, '135.0', '65.0', '12.2907838', '109.2041465', '[]', '2019-07-29 02:37:19', '2019-12-18 13:57:44', '2019-12-18 13:57:44'),
(1318, 33, '165.0', '56.0', '12.2907838', '109.2041465', '[]', '2019-07-29 02:50:20', '2019-12-19 02:14:21', '2019-12-19 02:14:21'),
(1319, 38, '133.0', '45.0', '12.2907838', '109.2041465', '[]', '2019-07-29 03:29:40', '2019-12-19 02:14:22', '2019-12-19 02:14:22'),
(1320, 32, '135.0', '65.0', '12.2907838', '109.2041465', '[]', '2019-07-29 02:37:19', '2019-12-19 02:14:23', '2019-12-19 02:14:23'),
(1321, 31, '123.0', '45.0', '12.2907838', '109.2041465', '[]', '2019-07-29 04:55:14', '2019-12-19 02:14:23', '2019-12-19 02:14:23'),
(1322, 39, '60.0', '5.0', '12.290643', '109.203935', '["1322_0_30ea722e701324d8a87b25e2568ecdbe.jpeg","1322_1_5102c0db37805d6f820379481638cf56.jpeg","1322_2_5102c0db37805d6f820379481638cf56.jpeg"]', '2019-12-20 06:38:50', '2019-12-20 06:38:47', '2019-12-20 06:38:50'),
(1323, 42, '50.0', '0.33', '12.2506405', '109.1951472', '["1323_0_f2b0cd76a5e6a81d8583aa61a93254c0.jpeg","1323_1_f2b0cd76a5e6a81d8583aa61a93254c0.jpeg","1323_2_5102c0db37805d6f820379481638cf56.jpeg"]', '2019-12-20 06:38:50', '2019-12-20 06:38:48', '2019-12-20 06:38:50'),
(1324, 0, '198.0', '49.0', '12.291154', '109.2073177', '["1324_0_5102c0db37805d6f820379481638cf56.jpeg","1324_1_c883397f8046bf801144bc1ef36a1e01.jpeg","1324_2_c883397f8046bf801144bc1ef36a1e01.jpeg"]', '2019-12-20 06:38:51', '2019-12-20 06:38:49', '2019-12-20 06:38:51'),
(1325, 0, '158.0', '14.0', '12.2918033', '109.2116631', '["1325_0_5102c0db37805d6f820379481638cf56.jpeg","1325_1_c883397f8046bf801144bc1ef36a1e01.jpeg","1325_2_c883397f8046bf801144bc1ef36a1e01.jpeg"]', '2019-12-20 06:38:51', '2019-12-20 06:38:49', '2019-12-20 06:38:51'),
(1326, 34, '39.0', '0.88', '12.2356644', '109.1949762', '["1326_0_5102c0db37805d6f820379481638cf56.jpeg","1326_1_c883397f8046bf801144bc1ef36a1e01.jpeg","1326_2_c883397f8046bf801144bc1ef36a1e01.jpeg"]', '2019-12-20 06:38:51', '2019-12-20 06:38:49', '2019-12-20 06:38:51'),
(1327, 0, '11.0', '0.33', '12.2906063', '109.2040809', '["1327_0_5102c0db37805d6f820379481638cf56.jpeg","1327_1_5102c0db37805d6f820379481638cf56.jpeg","1327_2_5102c0db37805d6f820379481638cf56.jpeg"]', '2019-12-20 06:38:50', '2019-12-20 06:38:49', '2019-12-20 06:38:50'),
(1328, 31, '123.0', '45.0', '12.2907838', '109.2041465', '[]', '2019-07-29 04:55:14', '2019-12-20 06:39:22', '2019-12-20 06:39:22'),
(1329, 38, '133.0', '45.0', '12.2907838', '109.2041465', '[]', '2019-07-29 03:29:40', '2019-12-20 06:39:22', '2019-12-20 06:39:22'),
(1330, 32, '135.0', '65.0', '12.2907838', '109.2041465', '[]', '2019-07-29 02:37:19', '2019-12-20 06:39:22', '2019-12-20 06:39:22'),
(1331, 33, '165.0', '56.0', '12.2907838', '109.2041465', '[]', '2019-07-29 02:50:20', '2019-12-20 06:39:22', '2019-12-20 06:39:22'),
(1332, 32, '135.0', '65.0', '12.2907838', '109.2041465', '[]', '2019-07-29 02:37:19', '2019-12-20 06:40:16', '2019-12-20 06:40:16'),
(1333, 31, '123.0', '45.0', '12.2907838', '109.2041465', '[]', '2019-07-29 04:55:14', '2019-12-20 06:40:16', '2019-12-20 06:40:16'),
(1334, 38, '133.0', '45.0', '12.2907838', '109.2041465', '[]', '2019-07-29 03:29:40', '2019-12-20 06:40:16', '2019-12-20 06:40:16'),
(1335, 33, '165.0', '56.0', '12.2907838', '109.2041465', '[]', '2019-07-29 02:50:20', '2019-12-20 06:40:16', '2019-12-20 06:40:16'),
(1336, 33, '51.0', '15.0', '12.2906621', '109.2039001', '["1336_0_869848e86edb5ac7b04aa0c7df5db13d.jpeg","1336_1_869848e86edb5ac7b04aa0c7df5db13d.jpeg","1336_2_869848e86edb5ac7b04aa0c7df5db13d.jpeg"]', '2019-12-20 06:43:01', '2019-12-20 06:43:00', '2019-12-20 06:43:01'),
(1337, 34, '39.0', '0.88', '12.2354654', '109.1945757', '["1337_0_bc8046da2c9a19efe65292ffb25853e7.jpeg","1337_1_bc8046da2c9a19efe65292ffb25853e7.jpeg","1337_2_19cbb05df4a443d87bdddb871c66d484.jpeg"]', '2019-12-20 06:43:04', '2019-12-20 06:43:03', '2019-12-20 06:43:04'),
(1338, 0, '210.0', '45.0', '12.2912164', '109.2073352', '["1338_0_bc8046da2c9a19efe65292ffb25853e7.jpeg","1338_1_19cbb05df4a443d87bdddb871c66d484.jpeg","1338_2_19cbb05df4a443d87bdddb871c66d484.jpeg"]', '2019-12-20 06:43:04', '2019-12-20 06:43:03', '2019-12-20 06:43:04'),
(1339, 42, '50.0', '0.5', '12.250786', '109.1950822', '["1339_0_bc8046da2c9a19efe65292ffb25853e7.jpeg","1339_1_19cbb05df4a443d87bdddb871c66d484.jpeg","1339_2_19cbb05df4a443d87bdddb871c66d484.jpeg"]', '2019-12-20 06:43:04', '2019-12-20 06:43:03', '2019-12-20 06:43:04'),
(1340, 0, '16.0', '0.058', '12.2906358', '109.2037838', '["1340_0_bc8046da2c9a19efe65292ffb25853e7.jpeg","1340_1_19cbb05df4a443d87bdddb871c66d484.jpeg","1340_2_19cbb05df4a443d87bdddb871c66d484.jpeg"]', '2019-12-20 06:43:04', '2019-12-20 06:43:03', '2019-12-20 06:43:04'),
(1341, 0, '148.0', '18.0', '12.2917706', '109.211667', '["1341_0_bc8046da2c9a19efe65292ffb25853e7.jpeg","1341_1_19cbb05df4a443d87bdddb871c66d484.jpeg","1341_2_4ca0ce1f630eb6610f4757328b75bc01.jpeg"]', '2019-12-20 06:43:05', '2019-12-20 06:43:03', '2019-12-20 06:43:05'),
(1342, 32, '135.0', '65.0', '12.2907838', '109.2041465', '[]', '2019-07-29 02:37:19', '2019-12-20 06:43:52', '2019-12-20 06:43:52'),
(1343, 38, '133.0', '45.0', '12.2907838', '109.2041465', '[]', '2019-07-29 03:29:40', '2019-12-20 06:43:52', '2019-12-20 06:43:52'),
(1344, 31, '123.0', '45.0', '12.2907838', '109.2041465', '[]', '2019-07-29 04:55:14', '2019-12-20 06:43:52', '2019-12-20 06:43:52'),
(1345, 33, '165.0', '56.0', '12.2907838', '109.2041465', '[]', '2019-07-29 02:50:20', '2019-12-20 06:43:52', '2019-12-20 06:43:52'),
(1346, 32, '135.0', '65.0', '12.2907838', '109.2041465', '[]', '2019-07-29 02:37:19', '2019-12-20 06:45:15', '2019-12-20 06:45:15'),
(1347, 31, '123.0', '45.0', '12.2907838', '109.2041465', '[]', '2019-07-29 04:55:14', '2019-12-20 06:45:17', '2019-12-20 06:45:17'),
(1348, 38, '133.0', '45.0', '12.2907838', '109.2041465', '[]', '2019-07-29 03:29:40', '2019-12-20 06:45:17', '2019-12-20 06:45:17'),
(1349, 33, '165.0', '56.0', '12.2907838', '109.2041465', '[]', '2019-07-29 02:50:20', '2019-12-20 06:45:17', '2019-12-20 06:45:17'),
(1350, 32, '135.0', '65.0', '12.2907838', '109.2041465', '[]', '2019-07-29 02:37:19', '2019-12-20 06:51:38', '2019-12-20 06:51:38'),
(1351, 38, '133.0', '45.0', '12.2907838', '109.2041465', '[]', '2019-07-29 03:29:40', '2019-12-20 06:51:39', '2019-12-20 06:51:39'),
(1352, 31, '123.0', '45.0', '12.2907838', '109.2041465', '[]', '2019-07-29 04:55:14', '2019-12-20 06:51:39', '2019-12-20 06:51:39'),
(1353, 33, '165.0', '56.0', '12.2907838', '109.2041465', '[]', '2019-07-29 02:50:20', '2019-12-20 06:51:39', '2019-12-20 06:51:39'),
(1354, 38, '133.0', '45.0', '12.2907838', '109.2041465', '[]', '2019-07-29 03:29:40', '2019-12-20 06:56:48', '2019-12-20 06:56:48'),
(1355, 32, '135.0', '65.0', '12.2907838', '109.2041465', '[]', '2019-07-29 02:37:19', '2019-12-20 06:56:49', '2019-12-20 06:56:49'),
(1356, 31, '123.0', '45.0', '12.2907838', '109.2041465', '[]', '2019-07-29 04:55:14', '2019-12-20 06:56:49', '2019-12-20 06:56:49'),
(1357, 33, '165.0', '56.0', '12.2907838', '109.2041465', '[]', '2019-07-29 02:50:20', '2019-12-20 06:56:49', '2019-12-20 06:56:49'),
(1358, 31, '123.0', '45.0', '12.2907838', '109.2041465', '[]', '2019-07-29 04:55:14', '2019-12-20 07:06:16', '2019-12-20 07:06:16'),
(1359, 33, '165.0', '56.0', '12.2907838', '109.2041465', '[]', '2019-07-29 02:50:20', '2019-12-20 07:06:17', '2019-12-20 07:06:17'),
(1360, 38, '133.0', '45.0', '12.2907838', '109.2041465', '[]', '2019-07-29 03:29:40', '2019-12-20 07:06:18', '2019-12-20 07:06:18'),
(1361, 32, '135.0', '65.0', '12.2907838', '109.2041465', '[]', '2019-07-29 02:37:19', '2019-12-20 07:06:18', '2019-12-20 07:06:18'),
(1362, 2, '30.0', '0.6', '12.2907897', '109.2039188', '["1362_0_508010fb48c98b99d98804cd2fc5267e.jpeg"]', '2019-12-22 02:15:04', '2019-12-22 02:15:03', '2019-12-22 02:15:04'),
(1363, 2, '15.0', '1.0', '12.2907897', '109.2039188', '["1363_0_ea78ecd9c20c857368b0215fcaec5948.jpeg"]', '2019-12-22 02:15:05', '2019-12-22 02:15:04', '2019-12-22 02:15:05'),
(1364, 2, '15.0', '0.5', '12.2908035', '109.2038899', '["1364_0_ea78ecd9c20c857368b0215fcaec5948.jpeg"]', '2019-12-22 02:15:05', '2019-12-22 02:15:05', '2019-12-22 02:15:05'),
(1366, 2, '28.0', '0.48', '12.2903958', '109.2040308', '["1366_0_5803bf8bd4a6c27f415e92d4fef66df4.jpeg"]', '2019-12-22 02:15:26', '2019-12-22 02:15:26', '2019-12-22 02:15:26'),
(1367, 2, '39.0', '0.58', '12.2906848', '109.203978', '["1367_0_7c0a399dc391f5de6c204cde8ee4ffe0.jpeg"]', '2019-12-22 02:15:58', '2019-12-22 02:15:58', '2019-12-22 02:15:58'),
(1368, 2, '41.0', '0.8', '12.2906763', '109.2038926', '["1368_0_7c0a399dc391f5de6c204cde8ee4ffe0.jpeg"]', '2019-12-22 02:15:58', '2019-12-22 02:15:58', '2019-12-22 02:15:58'),
(1369, 30, '8.0', '33.0', '12.2904587', '109.2040519', '["1369_0_90723aeed33ebaa131e127c7a2a6a124.jpeg","1369_1_850f9bdf326914b4176e9102ca903a9d.jpeg"]', '2019-12-22 03:36:07', '2019-12-22 03:36:06', '2019-12-22 03:36:07'),
(1370, 29, '10.0', '62.0', '12.2905374', '109.2039544', '["1370_0_850f9bdf326914b4176e9102ca903a9d.jpeg","1370_1_27ee4980347e831f61ca6e309aca2bfb.jpeg"]', '2019-12-22 03:36:08', '2019-12-22 03:36:07', '2019-12-22 03:36:08'),
(1371, 28, '21.0', '390.0', '12.2904147', '109.2040081', '["1371_0_27ee4980347e831f61ca6e309aca2bfb.jpeg","1371_1_27ee4980347e831f61ca6e309aca2bfb.jpeg"]', '2019-12-22 03:36:08', '2019-12-22 03:36:07', '2019-12-22 03:36:08'),
(1373, 29, '23.0', '5.0', '12.1884665', '109.1542232', '["1373_0_e0b7fe6bd14c59bcf001ec2ada152104.jpeg","1373_1_e61fcec9c69a75adca05c34b00d0b13b.jpeg"]', '2019-12-30 03:40:15', '2019-12-30 03:40:13', '2019-12-30 03:40:15'),
(1374, 26, '23.0', '8.0', '12.239229', '109.1928338', '["1374_0_e0b7fe6bd14c59bcf001ec2ada152104.jpeg","1374_1_e61fcec9c69a75adca05c34b00d0b13b.jpeg","1374_2_e61fcec9c69a75adca05c34b00d0b13b.jpeg"]', '2019-12-30 03:40:15', '2019-12-30 03:40:14', '2019-12-30 03:40:15'),
(1375, 30, '51.0', '28.0', '12.1881746', '109.1555968', '["1375_0_e61fcec9c69a75adca05c34b00d0b13b.jpeg","1375_1_0529e2c6dfd27885ed4b7090e5a209b6.jpeg"]', '2019-12-30 03:40:16', '2019-12-30 03:40:14', '2019-12-30 03:40:16'),
(1376, 35, '114.0', '23.0', '12.239097', '109.1926741', '["1376_0_e61fcec9c69a75adca05c34b00d0b13b.jpeg","1376_1_0529e2c6dfd27885ed4b7090e5a209b6.jpeg","1376_2_a847f4e1265cafc66ab579b96ca21e63.jpeg"]', '2019-12-30 03:40:17', '2019-12-30 03:40:15', '2019-12-30 03:40:17'),
(1377, 0, '50.0', '50.0', '12.2822601', '109.1996369', '[]', '2019-12-24 09:55:14', '2019-12-31 02:59:54', '2019-12-31 02:59:54'),
(1378, 0, '6938.0', '5858.0', '12.2821058', '109.1996384', '["1378_0_85a155af971d0383fddd0fae0bbdd9b6.jpeg"]', '2019-12-31 02:59:56', '2019-12-31 02:59:55', '2019-12-31 02:59:56'),
(1393, 0, '5558.0', '8575.0', '12.2821931', '109.1995775', '[]', '2020-01-07 10:14:00', '2020-01-07 10:03:32', '2020-01-07 10:03:32'),
(1394, 0, '56868.0', '90909.0', '12.2821931', '109.1995775', '["1394_0_2f352f976b75aa60faa2429f54459cf3.jpeg"]', '2020-01-07 10:04:23', '2020-01-07 10:04:23', '2020-01-07 10:04:23'),
(1395, 0, '6768.0', '86868.0', '12.2821931', '109.1995775', '["1395_0_25085de52a3b2c96db6ea57899f00c91.jpeg"]', '2020-01-07 10:05:12', '2020-01-07 10:05:12', '2020-01-07 10:05:12'),
(1396, 0, '5060.0', '8383.0', '12.2821931', '109.1995775', '[]', '2020-01-07 10:24:00', '2020-01-07 10:13:48', '2020-01-07 10:13:48'),
(1397, 0, '5555.0', '2222.0', '12.2822812', '109.1996621', '["1397_0_0b24eb06e570180bb99032e17cf98ebb.jpeg"]', '2020-01-07 10:14:28', '2020-01-07 10:14:27', '2020-01-07 10:14:28'),
(1398, 12, '1.2121212E7', '9.999956E9', '12.2823428', '109.1996744', '["1398_0_19d941c5234db9ecf3b30be9a6dc71ae.jpeg"]', '2020-01-07 10:15:23', '2020-01-07 10:15:22', '2020-01-07 10:15:23'),
(1399, 0, '6666666.0', '666666.0', '12.2823428', '109.1996744', '[]', '2020-01-07 10:28:00', '2020-01-07 10:17:27', '2020-01-07 10:17:27'),
(1400, 0, '2.2222222E7', '2.2222222E7', '12.2823428', '109.1996744', '["1400_0_119e82f852733f51eddffb24570de1a4.jpeg"]', '2020-01-07 10:18:06', '2020-01-07 10:18:05', '2020-01-07 10:18:06'),
(1401, 0, '232323.0', '232323.0', '12.2823428', '109.1996744', '["1401_0_7bc3fc27a4a7c27945aeb2d71affe02a.jpeg"]', '2020-01-07 10:21:33', '2020-01-07 10:21:32', '2020-01-07 10:21:33'),
(1402, 46, '1234.0', '1234.0', '12.2823428', '109.1996744', '["1402_0_5b662a3e98aa842b47f99f1b84cb14e4.jpeg"]', '2020-01-07 13:08:23', '2020-01-07 13:08:15', '2020-01-07 13:08:23'),
(1403, 46, '386.0', '53382.0', '12.2823428', '109.1996744', '["1403_0_843bc67fb58b4adf1918ff3d9b910994.jpeg","1403_1_a44f19dc8ca7fecede5dc8362249d0bf.jpeg"]', '2020-01-07 13:12:29', '2020-01-07 13:12:16', '2020-01-07 13:12:29'),
(1404, 0, '333333.0', '33333.0', '12.2823428', '109.1996744', '["1404_0_fc4cd0e7a30a44ea5ccfb5bc4dc8694b.jpeg"]', '2020-01-07 14:55:51', '2020-01-07 14:55:50', '2020-01-07 14:55:51'),
(1405, 0, '1546.0', '94949.0', '12.2823428', '109.1996744', '["1405_0_8fc2144c559a2d43968ae96d337df9a4.jpeg"]', '2020-01-07 15:40:20', '2020-01-07 15:40:19', '2020-01-07 15:40:20'),
(1406, 0, '95959.0', '94995.0', '12.2823428', '109.1996744', '["1406_0_10df97d3bb08ea42c5f2bac022653c49.jpeg"]', '2020-01-07 15:58:21', '2020-01-07 15:58:20', '2020-01-07 15:58:21'),
(1407, 0, '165.0', '165.0', '12.2823428', '109.1996744', '[]', '2020-01-07 16:15:00', '2020-01-07 16:05:04', '2020-01-07 16:05:04'),
(1408, 0, '12345.0', '12345.0', '12.2823428', '109.1996744', '["1408_0_365d65a088bb01b6c2deb99cc456f689.jpeg"]', '2020-01-07 16:09:24', '2020-01-07 16:09:24', '2020-01-07 16:09:24'),
(1409, 0, '123456.0', '654321.0', '12.2823428', '109.1996744', '["1409_0_85065818e5663d11ef79d96c2944068e.jpeg"]', '2020-01-07 16:11:16', '2020-01-07 16:11:16', '2020-01-07 16:11:16'),
(1410, 0, '575.0', '6999.0', '12.2823428', '109.1996744', '["1410_0_0c8a6f1f49d34c5919ecc0e52e0e21a9.jpeg"]', '2020-01-07 16:32:00', '2020-01-07 16:22:17', '2020-01-07 16:22:17'),
(1411, 21, '818.0', '88.0', '12.2905469', '109.2039793', '["1411_0_00833b772bf7da9013b5f300da7a91c2.jpeg","1411_1_00833b772bf7da9013b5f300da7a91c2.jpeg","1411_2_4363f9c301398065c3fdc6e5926b79bd.jpeg"]', '2020-01-08 05:39:00', '2020-01-08 06:27:33', '2020-01-08 06:27:36'),
(1412, 21, '78.0', '18.0', '12.2905469', '109.2039793', '["1412_0_9407cb7b9d0d4cd44a7f4e89dedfa7bb.jpeg","1412_1_9407cb7b9d0d4cd44a7f4e89dedfa7bb.jpeg","1412_2_4363f9c301398065c3fdc6e5926b79bd.jpeg"]', '2020-01-08 05:24:00', '2020-01-08 06:27:34', '2020-01-08 06:27:36'),
(1413, 21, '88.0', '108.0', '12.2905469', '109.2039793', '["1413_0_9407cb7b9d0d4cd44a7f4e89dedfa7bb.jpeg","1413_1_9407cb7b9d0d4cd44a7f4e89dedfa7bb.jpeg","1413_2_9407cb7b9d0d4cd44a7f4e89dedfa7bb.jpeg"]', '2020-01-08 04:42:00', '2020-01-08 06:27:35', '2020-01-08 06:27:35'),
(1414, 0, '1234.0', '1221.0', '12.2824377', '109.1997522', '["1414_0_d1c63e80f246676560b3198848c1f9fe.jpeg"]', '2020-01-08 07:10:00', '2020-01-08 07:05:05', '2020-01-08 07:05:09'),
(1415, 0, '688.0', '888.0', '12.2824377', '109.1997522', '["1415_0_4c2db49d6a64831c6797d210f0420c44.jpeg"]', '2020-01-08 07:12:00', '2020-01-08 07:05:06', '2020-01-08 07:05:10'),
(1416, 0, '555.0', '555.0', '12.2824377', '109.1997522', '[]', '2020-01-08 07:14:00', '2020-01-08 07:05:06', '2020-01-08 07:05:06'),
(1417, 0, '6446.0', '94646.0', '12.2821237', '109.1997816', '[]', '2020-01-08 07:14:00', '2020-01-08 07:05:06', '2020-01-08 07:05:06'),
(1422, 0, '2121.0', '2121.0', '12.2825655', '109.1996079', '[]', '2020-01-08 07:26:00', '2020-01-08 07:42:26', '2020-01-08 07:42:26'),
(1423, 0, '959.0', '9898.0', '12.28232568', '109.19961733', '["1423_0_ebfe73ba0a6f81b93d97c845a234decc.jpeg"]', '2020-01-08 07:52:00', '2020-01-08 07:42:26', '2020-01-08 07:42:37'),
(1424, 0, '389.0', '39.0', '12.2825655', '109.1996079', '["1424_0_4161aed4e4831c721523fa558ecad332.jpeg","1424_1_db99fa60e3b8450757325c5212bde704.jpeg"]', '2020-01-08 07:27:00', '2020-01-08 07:42:27', '2020-01-08 07:42:39'),
(1425, 0, '64664.0', '94664.0', '12.28234529', '109.19957142', '["1425_0_bc3c07ce936552d61a69b2931749f22e.jpeg"]', '2020-01-08 07:52:00', '2020-01-08 07:42:27', '2020-01-08 07:42:36'),
(1426, 0, '1245.0', '568.0', '12.2825655', '109.1996079', '[]', '2020-01-08 07:32:00', '2020-01-08 07:42:27', '2020-01-08 07:42:27'),
(1427, 49, '12345.0', '5678.0', '12.2825655', '109.1996079', '[]', '2020-01-08 07:28:00', '2020-01-08 07:42:27', '2020-01-08 07:42:27'),
(1428, 0, '64646.0', '9494.0', '12.28223897', '109.19968189', '["1428_0_bc3c07ce936552d61a69b2931749f22e.jpeg"]', '2020-01-08 07:48:00', '2020-01-08 07:42:28', '2020-01-08 07:42:36'),
(1429, 0, '979.0', '98959.0', '12.28230435', '109.19963131', '["1429_0_bc3c07ce936552d61a69b2931749f22e.jpeg"]', '2020-01-08 07:52:00', '2020-01-08 07:42:28', '2020-01-08 07:42:36'),
(1431, 30, '12.0', '1.0', '12.29067798703909', '109.20385278761387', '["1431_0_a72a43ee0ed8ee8d66816ad3be2b4c8f.jpeg","1431_1_a72a43ee0ed8ee8d66816ad3be2b4c8f.jpeg","1431_2_ae5bc0e21108c9bff778a28be2855fe2.jpeg"]', '2020-01-08 10:28:00', '2020-01-08 11:05:52', '2020-01-08 11:05:54'),
(1432, 43, '188.0', '50.0', '12.202129634097219', '109.19392375275493', '["1432_0_ae5bc0e21108c9bff778a28be2855fe2.jpeg","1432_1_ae5bc0e21108c9bff778a28be2855fe2.jpeg","1432_2_ae5bc0e21108c9bff778a28be2855fe2.jpeg"]', '2020-01-08 11:15:00', '2020-01-08 11:05:53', '2020-01-08 11:05:54'),
(1433, 2, '145.0', '45.0', '12.20469654', '109.18961049', '["1433_0_885561dbc0bb563166592fb080b7041f.jpeg","1433_1_e9b215e60621772665cafee8344fc6e5.jpeg","1433_2_e9b215e60621772665cafee8344fc6e5.jpeg"]', '2020-01-08 11:38:00', '2020-01-08 11:36:12', '2020-01-08 11:36:14'),
(1434, 25, '12.0', '8.0', '12.204732298851013', '109.18958008289337', '["1434_0_e9b215e60621772665cafee8344fc6e5.jpeg","1434_1_e9b215e60621772665cafee8344fc6e5.jpeg"]', '2020-01-08 11:44:00', '2020-01-08 11:36:13', '2020-01-08 11:36:14'),
(1435, 49, '58.0', '8.0', '12.204759120941162', '109.1894406080246', '["1435_0_58e906e2b0a048c6153e164629b654b8.jpeg","1435_1_58e906e2b0a048c6153e164629b654b8.jpeg","1435_2_58e906e2b0a048c6153e164629b654b8.jpeg"]', '2020-01-08 12:18:00', '2020-01-08 12:17:26', '2020-01-08 12:17:27'),
(1436, 25, '178.0', '9.0', '12.204989790916443', '109.18887734413147', '["1436_0_bdff7f88df0558a75b3ef021c3d1e35e.jpeg","1436_1_bdff7f88df0558a75b3ef021c3d1e35e.jpeg","1436_2_bdff7f88df0558a75b3ef021c3d1e35e.jpeg"]', '2020-01-08 12:24:00', '2020-01-08 12:17:27', '2020-01-08 12:17:28'),
(1437, 16, '154.0', '15.0', '12.204737537540495', '109.18953331187367', '["1437_0_7d3657d0f820864770cfe40a525e1fbe.jpeg","1437_1_7d3657d0f820864770cfe40a525e1fbe.jpeg","1437_2_a8c4fc8937364a37748aef43eb6c087b.jpeg"]', '2020-01-08 12:38:00', '2020-01-08 12:30:07', '2020-01-08 12:30:08'),
(1438, 29, '56.0', '5.0', '12.204710841178894', '109.18961612507701', '["1438_0_a8c4fc8937364a37748aef43eb6c087b.jpeg","1438_1_d2e27e86436ca1accd4a25d866be173d.jpeg"]', '2020-01-08 12:40:00', '2020-01-08 12:30:08', '2020-01-08 12:30:09'),
(1439, 21, '100.0', '23.0', '12.2907216', '109.203897', '[]', '2020-01-08 06:56:28', '2020-01-08 13:42:32', '2020-01-08 13:42:32'),
(1440, 29, '100.0', '1.0', '12.290754', '109.203875', '["1440_0_d6d7c8c96c9fcb4b3dc0a6546bf41510.jpeg"]', '2020-01-08 13:52:50', '2020-01-08 13:42:33', '2020-01-08 13:42:33'),
(1441, 33, '15.0', '6.0', '12.2905409', '109.2039362', '["1441_0_c0208a47f2c539b2006167a852307039.jpeg","1441_1_c23cda7dfe98cfe60056575f78e6b71c.jpeg"]', '2020-01-09 09:52:00', '2020-01-09 10:26:09', '2020-01-09 10:26:11'),
(1442, 34, '65.0', '45.0', '12.2887906', '109.2039103', '["1442_0_c23cda7dfe98cfe60056575f78e6b71c.jpeg","1442_1_c23cda7dfe98cfe60056575f78e6b71c.jpeg"]', '2020-01-09 10:30:35', '2020-01-09 10:26:10', '2020-01-09 10:26:11'),
(1443, 34, '123.0', '12.0', '12.28237884', '109.19974542', '[]', '2020-01-16 12:49:00', '2020-01-13 07:41:39', '2020-01-13 07:41:39'),
(1444, 46, '12.0', '14.0', '12.28233729', '109.19968141', '["1444_0_eccc7a8745ad8b63767c05a0d9e135b9.jpeg"]', '2020-01-13 07:51:00', '2020-01-13 07:41:40', '2020-01-13 07:41:41');

-- --------------------------------------------------------

--
-- Table structure for table `record_trip`
--

CREATE TABLE IF NOT EXISTS `record_trip` (
  `id` int(10) unsigned NOT NULL,
  `record_id` int(10) unsigned NOT NULL,
  `trip_id` int(10) unsigned NOT NULL,
  `created_at` timestamp NULL DEFAULT NULL,
  `updated_at` timestamp NULL DEFAULT NULL
) ENGINE=InnoDB AUTO_INCREMENT=1445 DEFAULT CHARSET=utf8mb4 COLLATE=utf8mb4_unicode_ci;

--
-- Dumping data for table `record_trip`
--

INSERT INTO `record_trip` (`id`, `record_id`, `trip_id`, `created_at`, `updated_at`) VALUES
(3, 3, 2, NULL, NULL),
(29, 29, 2, NULL, NULL),
(744, 744, 33, NULL, NULL),
(749, 749, 37, NULL, NULL),
(750, 750, 37, NULL, NULL),
(751, 751, 37, NULL, NULL),
(752, 752, 37, NULL, NULL),
(938, 938, 45, NULL, NULL),
(939, 939, 45, NULL, NULL),
(940, 940, 45, NULL, NULL),
(941, 941, 45, NULL, NULL),
(942, 942, 46, NULL, NULL),
(943, 943, 46, NULL, NULL),
(944, 944, 46, NULL, NULL),
(945, 945, 46, NULL, NULL),
(946, 946, 46, NULL, NULL),
(947, 947, 46, NULL, NULL),
(948, 948, 46, NULL, NULL),
(949, 949, 46, NULL, NULL),
(950, 950, 46, NULL, NULL),
(951, 951, 46, NULL, NULL),
(952, 952, 47, NULL, NULL),
(953, 953, 47, NULL, NULL),
(954, 954, 47, NULL, NULL),
(955, 955, 47, NULL, NULL),
(956, 956, 47, NULL, NULL),
(957, 957, 47, NULL, NULL),
(958, 958, 47, NULL, NULL),
(959, 960, 47, NULL, NULL),
(960, 959, 47, NULL, NULL),
(961, 961, 47, NULL, NULL),
(962, 963, 47, NULL, NULL),
(963, 962, 47, NULL, NULL),
(964, 964, 47, NULL, NULL),
(965, 965, 48, NULL, NULL),
(966, 966, 48, NULL, NULL),
(967, 968, 48, NULL, NULL),
(968, 970, 48, NULL, NULL),
(969, 969, 48, NULL, NULL),
(970, 967, 48, NULL, NULL),
(971, 971, 49, NULL, NULL),
(972, 972, 49, NULL, NULL),
(973, 973, 49, NULL, NULL),
(974, 974, 50, NULL, NULL),
(975, 975, 50, NULL, NULL),
(976, 976, 50, NULL, NULL),
(977, 977, 51, NULL, NULL),
(978, 978, 52, NULL, NULL),
(979, 979, 52, NULL, NULL),
(980, 980, 52, NULL, NULL),
(984, 984, 54, NULL, NULL),
(985, 985, 54, NULL, NULL),
(986, 986, 54, NULL, NULL),
(987, 987, 54, NULL, NULL),
(988, 988, 54, NULL, NULL),
(989, 989, 54, NULL, NULL),
(990, 990, 54, NULL, NULL),
(991, 991, 55, NULL, NULL),
(992, 992, 55, NULL, NULL),
(993, 993, 51, NULL, NULL),
(994, 994, 51, NULL, NULL),
(995, 995, 51, NULL, NULL),
(996, 997, 51, NULL, NULL),
(997, 996, 51, NULL, NULL),
(998, 998, 51, NULL, NULL),
(999, 999, 51, NULL, NULL),
(1000, 1000, 56, NULL, NULL),
(1001, 1001, 57, NULL, NULL),
(1002, 1002, 57, NULL, NULL),
(1003, 1003, 57, NULL, NULL),
(1004, 1004, 57, NULL, NULL),
(1005, 1005, 58, NULL, NULL),
(1006, 1006, 58, NULL, NULL),
(1007, 1007, 58, NULL, NULL),
(1008, 1008, 59, NULL, NULL),
(1009, 1009, 59, NULL, NULL),
(1010, 1010, 59, NULL, NULL),
(1011, 1011, 60, NULL, NULL),
(1012, 1012, 60, NULL, NULL),
(1013, 1013, 60, NULL, NULL),
(1014, 1014, 60, NULL, NULL),
(1015, 1015, 61, NULL, NULL),
(1016, 1016, 61, NULL, NULL),
(1017, 1017, 61, NULL, NULL),
(1018, 1018, 61, NULL, NULL),
(1019, 1019, 62, NULL, NULL),
(1020, 1020, 62, NULL, NULL),
(1021, 1021, 62, NULL, NULL),
(1022, 1022, 62, NULL, NULL),
(1023, 1023, 63, NULL, NULL),
(1024, 1024, 63, NULL, NULL),
(1025, 1025, 63, NULL, NULL),
(1026, 1026, 64, NULL, NULL),
(1027, 1027, 64, NULL, NULL),
(1028, 1028, 64, NULL, NULL),
(1029, 1029, 64, NULL, NULL),
(1030, 1030, 64, NULL, NULL),
(1031, 1031, 64, NULL, NULL),
(1032, 1032, 64, NULL, NULL),
(1033, 1034, 64, NULL, NULL),
(1034, 1033, 64, NULL, NULL),
(1035, 1035, 64, NULL, NULL),
(1036, 1036, 64, NULL, NULL),
(1037, 1037, 64, NULL, NULL),
(1038, 1039, 64, NULL, NULL),
(1039, 1038, 64, NULL, NULL),
(1040, 1040, 64, NULL, NULL),
(1041, 1041, 64, NULL, NULL),
(1042, 1042, 64, NULL, NULL),
(1043, 1043, 64, NULL, NULL),
(1044, 1044, 64, NULL, NULL),
(1045, 1046, 64, NULL, NULL),
(1046, 1045, 64, NULL, NULL),
(1047, 1047, 64, NULL, NULL),
(1048, 1048, 64, NULL, NULL),
(1049, 1049, 64, NULL, NULL),
(1050, 1050, 65, NULL, NULL),
(1051, 1051, 66, NULL, NULL),
(1052, 1052, 66, NULL, NULL),
(1053, 1053, 66, NULL, NULL),
(1054, 1054, 66, NULL, NULL),
(1055, 1055, 66, NULL, NULL),
(1056, 1056, 66, NULL, NULL),
(1057, 1057, 66, NULL, NULL),
(1058, 1058, 66, NULL, NULL),
(1059, 1059, 66, NULL, NULL),
(1060, 1060, 66, NULL, NULL),
(1061, 1061, 66, NULL, NULL),
(1062, 1062, 66, NULL, NULL),
(1063, 1063, 66, NULL, NULL),
(1064, 1064, 66, NULL, NULL),
(1065, 1065, 66, NULL, NULL),
(1066, 1066, 66, NULL, NULL),
(1067, 1067, 66, NULL, NULL),
(1068, 1068, 66, NULL, NULL),
(1069, 1069, 66, NULL, NULL),
(1070, 1070, 66, NULL, NULL),
(1071, 1071, 66, NULL, NULL),
(1072, 1073, 66, NULL, NULL),
(1073, 1074, 66, NULL, NULL),
(1074, 1072, 66, NULL, NULL),
(1087, 1087, 76, NULL, NULL),
(1088, 1088, 76, NULL, NULL),
(1089, 1089, 77, NULL, NULL),
(1090, 1090, 77, NULL, NULL),
(1091, 1091, 77, NULL, NULL),
(1092, 1092, 77, NULL, NULL),
(1093, 1093, 77, NULL, NULL),
(1094, 1094, 77, NULL, NULL),
(1095, 1095, 77, NULL, NULL),
(1096, 1096, 77, NULL, NULL),
(1097, 1100, 77, NULL, NULL),
(1098, 1098, 77, NULL, NULL),
(1099, 1099, 77, NULL, NULL),
(1100, 1097, 77, NULL, NULL),
(1101, 1101, 77, NULL, NULL),
(1102, 1102, 77, NULL, NULL),
(1103, 1103, 77, NULL, NULL),
(1104, 1104, 77, NULL, NULL),
(1105, 1105, 77, NULL, NULL),
(1106, 1106, 77, NULL, NULL),
(1107, 1107, 77, NULL, NULL),
(1108, 1109, 77, NULL, NULL),
(1109, 1108, 77, NULL, NULL),
(1110, 1110, 77, NULL, NULL),
(1111, 1111, 77, NULL, NULL),
(1112, 1112, 77, NULL, NULL),
(1113, 1113, 77, NULL, NULL),
(1114, 1114, 77, NULL, NULL),
(1115, 1115, 77, NULL, NULL),
(1116, 1116, 77, NULL, NULL),
(1117, 1117, 77, NULL, NULL),
(1118, 1118, 77, NULL, NULL),
(1119, 1119, 77, NULL, NULL),
(1120, 1120, 77, NULL, NULL),
(1121, 1121, 77, NULL, NULL),
(1122, 1122, 77, NULL, NULL),
(1123, 1123, 77, NULL, NULL),
(1124, 1124, 77, NULL, NULL),
(1125, 1125, 77, NULL, NULL),
(1126, 1126, 77, NULL, NULL),
(1127, 1127, 77, NULL, NULL),
(1128, 1128, 77, NULL, NULL),
(1129, 1129, 77, NULL, NULL),
(1130, 1130, 77, NULL, NULL),
(1131, 1131, 77, NULL, NULL),
(1132, 1132, 77, NULL, NULL),
(1133, 1133, 77, NULL, NULL),
(1134, 1134, 77, NULL, NULL),
(1135, 1135, 77, NULL, NULL),
(1136, 1136, 77, NULL, NULL),
(1137, 1137, 77, NULL, NULL),
(1138, 1138, 77, NULL, NULL),
(1139, 1139, 77, NULL, NULL),
(1140, 1140, 77, NULL, NULL),
(1141, 1141, 77, NULL, NULL),
(1142, 1142, 77, NULL, NULL),
(1143, 1143, 77, NULL, NULL),
(1144, 1144, 77, NULL, NULL),
(1145, 1145, 77, NULL, NULL),
(1146, 1146, 78, NULL, NULL),
(1147, 1147, 78, NULL, NULL),
(1148, 1148, 78, NULL, NULL),
(1149, 1149, 78, NULL, NULL),
(1150, 1150, 78, NULL, NULL),
(1151, 1152, 78, NULL, NULL),
(1152, 1151, 78, NULL, NULL),
(1153, 1153, 78, NULL, NULL),
(1154, 1154, 78, NULL, NULL),
(1155, 1156, 78, NULL, NULL),
(1156, 1155, 78, NULL, NULL),
(1157, 1157, 78, NULL, NULL),
(1158, 1158, 78, NULL, NULL),
(1159, 1159, 78, NULL, NULL),
(1160, 1160, 78, NULL, NULL),
(1161, 1161, 78, NULL, NULL),
(1162, 1162, 78, NULL, NULL),
(1163, 1163, 78, NULL, NULL),
(1164, 1164, 78, NULL, NULL),
(1165, 1165, 78, NULL, NULL),
(1166, 1166, 78, NULL, NULL),
(1167, 1169, 78, NULL, NULL),
(1168, 1168, 78, NULL, NULL),
(1169, 1167, 78, NULL, NULL),
(1170, 1170, 78, NULL, NULL),
(1171, 1171, 78, NULL, NULL),
(1172, 1172, 78, NULL, NULL),
(1173, 1173, 78, NULL, NULL),
(1174, 1174, 78, NULL, NULL),
(1175, 1175, 78, NULL, NULL),
(1176, 1176, 78, NULL, NULL),
(1177, 1177, 78, NULL, NULL),
(1178, 1178, 78, NULL, NULL),
(1179, 1179, 78, NULL, NULL),
(1180, 1180, 78, NULL, NULL),
(1181, 1181, 78, NULL, NULL),
(1182, 1182, 78, NULL, NULL),
(1183, 1183, 78, NULL, NULL),
(1184, 1184, 78, NULL, NULL),
(1185, 1185, 78, NULL, NULL),
(1186, 1186, 78, NULL, NULL),
(1187, 1187, 78, NULL, NULL),
(1188, 1188, 78, NULL, NULL),
(1189, 1189, 78, NULL, NULL),
(1190, 1190, 78, NULL, NULL),
(1191, 1191, 78, NULL, NULL),
(1192, 1192, 79, NULL, NULL),
(1193, 1193, 79, NULL, NULL),
(1194, 1194, 80, NULL, NULL),
(1195, 1195, 80, NULL, NULL),
(1196, 1196, 80, NULL, NULL),
(1197, 1197, 80, NULL, NULL),
(1198, 1201, 80, NULL, NULL),
(1199, 1199, 80, NULL, NULL),
(1200, 1200, 80, NULL, NULL),
(1201, 1198, 80, NULL, NULL),
(1202, 1202, 80, NULL, NULL),
(1203, 1203, 80, NULL, NULL),
(1204, 1205, 80, NULL, NULL),
(1205, 1204, 80, NULL, NULL),
(1206, 1206, 80, NULL, NULL),
(1207, 1209, 80, NULL, NULL),
(1208, 1210, 80, NULL, NULL),
(1209, 1208, 80, NULL, NULL),
(1210, 1207, 80, NULL, NULL),
(1211, 1211, 80, NULL, NULL),
(1212, 1212, 80, NULL, NULL),
(1213, 1213, 80, NULL, NULL),
(1214, 1214, 80, NULL, NULL),
(1215, 1215, 80, NULL, NULL),
(1216, 1216, 81, NULL, NULL),
(1217, 1217, 81, NULL, NULL),
(1218, 1219, 81, NULL, NULL),
(1219, 1218, 81, NULL, NULL),
(1220, 1220, 81, NULL, NULL),
(1221, 1221, 81, NULL, NULL),
(1222, 1222, 81, NULL, NULL),
(1223, 1223, 81, NULL, NULL),
(1224, 1224, 81, NULL, NULL),
(1225, 1225, 81, NULL, NULL),
(1226, 1226, 81, NULL, NULL),
(1227, 1227, 81, NULL, NULL),
(1228, 1230, 81, NULL, NULL),
(1229, 1231, 81, NULL, NULL),
(1230, 1232, 81, NULL, NULL),
(1231, 1229, 81, NULL, NULL),
(1232, 1228, 81, NULL, NULL),
(1233, 1233, 81, NULL, NULL),
(1234, 1234, 81, NULL, NULL),
(1235, 1237, 81, NULL, NULL),
(1236, 1238, 81, NULL, NULL),
(1237, 1236, 81, NULL, NULL),
(1238, 1235, 81, NULL, NULL),
(1239, 1239, 81, NULL, NULL),
(1240, 1240, 82, NULL, NULL),
(1241, 1241, 82, NULL, NULL),
(1242, 1242, 83, NULL, NULL),
(1243, 1243, 83, NULL, NULL),
(1244, 1244, 83, NULL, NULL),
(1245, 1246, 83, NULL, NULL),
(1246, 1245, 83, NULL, NULL),
(1248, 1248, 85, NULL, NULL),
(1249, 1249, 85, NULL, NULL),
(1250, 1250, 86, NULL, NULL),
(1251, 1251, 86, NULL, NULL),
(1252, 1252, 87, NULL, NULL),
(1253, 1253, 87, NULL, NULL),
(1254, 1254, 87, NULL, NULL),
(1255, 1255, 87, NULL, NULL),
(1256, 1256, 87, NULL, NULL),
(1257, 1257, 87, NULL, NULL),
(1258, 1258, 87, NULL, NULL),
(1259, 1259, 87, NULL, NULL),
(1260, 1260, 87, NULL, NULL),
(1261, 1261, 87, NULL, NULL),
(1262, 1262, 87, NULL, NULL),
(1263, 1263, 87, NULL, NULL),
(1264, 1264, 85, NULL, NULL),
(1265, 1265, 85, NULL, NULL),
(1266, 1266, 85, NULL, NULL),
(1267, 1267, 85, NULL, NULL),
(1268, 1268, 85, NULL, NULL),
(1269, 1269, 85, NULL, NULL),
(1270, 1270, 85, NULL, NULL),
(1271, 1271, 85, NULL, NULL),
(1272, 1272, 87, NULL, NULL),
(1273, 1273, 87, NULL, NULL),
(1274, 1274, 87, NULL, NULL),
(1275, 1275, 87, NULL, NULL),
(1276, 1276, 87, NULL, NULL),
(1277, 1277, 87, NULL, NULL),
(1278, 1278, 86, NULL, NULL),
(1279, 1279, 86, NULL, NULL),
(1280, 1280, 86, NULL, NULL),
(1281, 1281, 86, NULL, NULL),
(1282, 1282, 86, NULL, NULL),
(1283, 1283, 86, NULL, NULL),
(1284, 1284, 86, NULL, NULL),
(1285, 1285, 85, NULL, NULL),
(1290, 1290, 85, NULL, NULL),
(1291, 1291, 85, NULL, NULL),
(1292, 1292, 85, NULL, NULL),
(1293, 1293, 90, NULL, NULL),
(1294, 1294, 52, NULL, NULL),
(1295, 1295, 52, NULL, NULL),
(1296, 1296, 52, NULL, NULL),
(1297, 1297, 52, NULL, NULL),
(1298, 1298, 61, NULL, NULL),
(1299, 1299, 61, NULL, NULL),
(1300, 1300, 61, NULL, NULL),
(1301, 1301, 61, NULL, NULL),
(1302, 1302, 61, NULL, NULL),
(1303, 1303, 61, NULL, NULL),
(1304, 1304, 61, NULL, NULL),
(1305, 1305, 61, NULL, NULL),
(1306, 1306, 61, NULL, NULL),
(1307, 1307, 61, NULL, NULL),
(1308, 1308, 61, NULL, NULL),
(1309, 1309, 61, NULL, NULL),
(1310, 1310, 61, NULL, NULL),
(1311, 1311, 61, NULL, NULL),
(1312, 1312, 61, NULL, NULL),
(1313, 1313, 61, NULL, NULL),
(1314, 1314, 61, NULL, NULL),
(1315, 1315, 61, NULL, NULL),
(1316, 1316, 61, NULL, NULL),
(1317, 1317, 61, NULL, NULL),
(1318, 1318, 61, NULL, NULL),
(1319, 1319, 61, NULL, NULL),
(1320, 1320, 61, NULL, NULL),
(1321, 1321, 61, NULL, NULL),
(1322, 1322, 91, NULL, NULL),
(1323, 1323, 91, NULL, NULL),
(1324, 1324, 91, NULL, NULL),
(1325, 1325, 91, NULL, NULL),
(1326, 1326, 91, NULL, NULL),
(1327, 1327, 91, NULL, NULL),
(1328, 1328, 61, NULL, NULL),
(1329, 1330, 61, NULL, NULL),
(1330, 1329, 61, NULL, NULL),
(1331, 1331, 61, NULL, NULL),
(1332, 1332, 61, NULL, NULL),
(1333, 1333, 61, NULL, NULL),
(1334, 1334, 61, NULL, NULL),
(1335, 1335, 61, NULL, NULL),
(1336, 1336, 92, NULL, NULL),
(1337, 1338, 92, NULL, NULL),
(1338, 1339, 92, NULL, NULL),
(1339, 1337, 92, NULL, NULL),
(1340, 1341, 92, NULL, NULL),
(1341, 1340, 92, NULL, NULL),
(1342, 1342, 61, NULL, NULL),
(1343, 1343, 61, NULL, NULL),
(1344, 1344, 61, NULL, NULL),
(1345, 1345, 61, NULL, NULL),
(1346, 1346, 61, NULL, NULL),
(1347, 1347, 61, NULL, NULL),
(1348, 1348, 61, NULL, NULL),
(1349, 1349, 61, NULL, NULL),
(1350, 1350, 61, NULL, NULL),
(1351, 1351, 61, NULL, NULL),
(1352, 1352, 61, NULL, NULL),
(1353, 1353, 61, NULL, NULL),
(1354, 1354, 61, NULL, NULL),
(1355, 1355, 61, NULL, NULL),
(1356, 1356, 61, NULL, NULL),
(1357, 1357, 61, NULL, NULL),
(1358, 1358, 61, NULL, NULL),
(1359, 1359, 61, NULL, NULL),
(1360, 1360, 61, NULL, NULL),
(1361, 1361, 61, NULL, NULL),
(1362, 1362, 93, NULL, NULL),
(1363, 1363, 93, NULL, NULL),
(1364, 1364, 93, NULL, NULL),
(1366, 1366, 95, NULL, NULL),
(1367, 1367, 96, NULL, NULL),
(1368, 1368, 97, NULL, NULL),
(1369, 1369, 98, NULL, NULL),
(1370, 1370, 98, NULL, NULL),
(1371, 1371, 98, NULL, NULL),
(1373, 1373, 100, NULL, NULL),
(1374, 1374, 100, NULL, NULL),
(1375, 1375, 100, NULL, NULL),
(1376, 1376, 100, NULL, NULL),
(1377, 1377, 99, NULL, NULL),
(1378, 1378, 99, NULL, NULL),
(1393, 1393, 106, NULL, NULL),
(1394, 1394, 106, NULL, NULL),
(1395, 1395, 106, NULL, NULL),
(1396, 1396, 106, NULL, NULL),
(1397, 1397, 106, NULL, NULL),
(1398, 1398, 106, NULL, NULL),
(1399, 1399, 106, NULL, NULL),
(1400, 1400, 106, NULL, NULL),
(1401, 1401, 106, NULL, NULL),
(1402, 1402, 106, NULL, NULL),
(1403, 1403, 106, NULL, NULL),
(1404, 1404, 106, NULL, NULL),
(1405, 1405, 106, NULL, NULL),
(1406, 1406, 106, NULL, NULL),
(1407, 1407, 106, NULL, NULL),
(1408, 1408, 106, NULL, NULL),
(1409, 1409, 106, NULL, NULL),
(1410, 1410, 106, NULL, NULL),
(1411, 1411, 110, NULL, NULL),
(1412, 1412, 110, NULL, NULL),
(1413, 1413, 110, NULL, NULL),
(1414, 1414, 111, NULL, NULL),
(1415, 1415, 111, NULL, NULL),
(1416, 1416, 111, NULL, NULL),
(1417, 1417, 111, NULL, NULL),
(1422, 1422, 111, NULL, NULL),
(1423, 1423, 111, NULL, NULL),
(1424, 1424, 111, NULL, NULL),
(1425, 1425, 111, NULL, NULL),
(1426, 1426, 111, NULL, NULL),
(1427, 1427, 111, NULL, NULL),
(1428, 1428, 111, NULL, NULL),
(1429, 1429, 111, NULL, NULL),
(1431, 1431, 114, NULL, NULL),
(1432, 1432, 114, NULL, NULL),
(1433, 1433, 110, NULL, NULL),
(1434, 1434, 110, NULL, NULL),
(1435, 1435, 110, NULL, NULL),
(1436, 1436, 110, NULL, NULL),
(1437, 1437, 114, NULL, NULL),
(1438, 1438, 114, NULL, NULL),
(1439, 1439, 115, NULL, NULL),
(1440, 1440, 115, NULL, NULL),
(1441, 1441, 116, NULL, NULL),
(1442, 1442, 116, NULL, NULL),
(1443, 1443, 117, NULL, NULL),
(1444, 1444, 117, NULL, NULL);

-- --------------------------------------------------------

--
-- Table structure for table `trips`
--

CREATE TABLE IF NOT EXISTS `trips` (
  `id` int(10) unsigned NOT NULL,
  `from_date` varchar(255) COLLATE utf8mb4_unicode_ci NOT NULL,
  `to_date` varchar(255) COLLATE utf8mb4_unicode_ci NOT NULL,
  `description` varchar(255) COLLATE utf8mb4_unicode_ci DEFAULT NULL,
  `created_at` timestamp NULL DEFAULT NULL,
  `updated_at` timestamp NULL DEFAULT NULL
) ENGINE=InnoDB AUTO_INCREMENT=118 DEFAULT CHARSET=utf8mb4 COLLATE=utf8mb4_unicode_ci;

--
-- Dumping data for table `trips`
--

INSERT INTO `trips` (`id`, `from_date`, `to_date`, `description`, `created_at`, `updated_at`) VALUES
(2, '2019-03-12', '2019-03-12', '<Empty>', '2019-03-12 00:20:13', '2019-03-12 00:20:13'),
(33, '2019-05-02', '2019-05-02', '<Empty>', '2019-05-02 03:44:32', '2019-05-02 03:44:32'),
(37, '2019-05-02', '2019-05-02', '<Empty>', '2019-05-02 04:37:05', '2019-05-02 04:37:05'),
(45, '2019-05-20', '2019-05-20', '<Empty>', '2019-05-22 09:16:21', '2019-05-22 09:16:21'),
(46, '2019-05-22', '2019-05-22', '<Empty>', '2019-05-22 09:27:40', '2019-05-22 09:27:40'),
(47, '2019-05-20', '2019-05-20', '<Empty>', '2019-06-14 09:01:23', '2019-06-14 09:01:23'),
(48, '2019-05-17', '2019-06-16', '<Empty>', '2019-06-16 05:16:05', '2019-06-16 05:16:05'),
(49, '2019-06-16', '2019-06-16', '<Empty>', '2019-06-16 05:24:45', '2019-06-16 05:24:45'),
(50, '2019-06-16', '2019-06-16', '<Empty>', '2019-06-16 05:24:55', '2019-06-16 05:24:55'),
(51, '2019-06-16', '2019-06-16', '<Empty>', '2019-06-16 08:40:48', '2019-06-16 08:40:48'),
(52, '2019-05-25', '2019-06-18', '<Empty>', '2019-06-18 06:58:20', '2019-06-18 06:58:20'),
(54, '2019-06-14', '2019-06-18', '<Empty>', '2019-07-25 07:50:39', '2019-07-25 07:50:39'),
(55, '2019-06-18', '2019-07-25', '<Empty>', '2019-07-25 07:51:18', '2019-07-25 07:51:18'),
(56, '2019-07-25', '2019-07-28', '<Empty>', '2019-07-28 03:11:37', '2019-07-28 03:11:37'),
(57, '2019-07-27', '2019-07-29', '<Empty>', '2019-07-29 02:04:18', '2019-07-29 02:04:18'),
(58, '2019-07-28', '2019-07-29', '<Empty>', '2019-07-29 02:04:47', '2019-07-29 02:04:47'),
(59, '2019-07-28', '2019-07-29', '<Empty>', '2019-07-29 02:06:11', '2019-07-29 02:06:11'),
(60, '2019-07-29', '2019-08-02', '<Empty>', '2019-08-02 02:02:43', '2019-08-02 02:02:43'),
(61, '2019-07-29', '2019-08-02', '<Empty>', '2019-08-02 02:03:55', '2019-08-02 02:03:55'),
(62, '2019-07-29', '2019-08-02', '<Empty>', '2019-08-02 02:04:33', '2019-08-02 02:04:33'),
(63, '2019-08-28', '2019-08-28', '<Empty>', '2019-08-28 03:46:29', '2019-08-28 03:46:29'),
(64, '2019-08-23', '2019-09-08', '<Empty>', '2019-09-10 08:54:51', '2019-09-10 08:54:51'),
(65, '2019-08-05', '2019-09-11', '<Empty>', '2019-09-11 02:13:53', '2019-09-11 02:13:53'),
(66, '2019-08-19', '2019-09-14', '<Empty>', '2019-09-14 01:14:01', '2019-09-14 01:14:01'),
(74, '2019-09-29', '2019-09-29', '<Empty>', '2019-09-29 10:44:50', '2019-09-29 10:44:50'),
(76, '2019-10-14', '2019-10-14', '<Empty>', '2019-10-14 07:04:58', '2019-10-14 07:04:58'),
(77, '2019-09-24', '2019-10-15', '<Empty>', '2019-10-15 06:55:03', '2019-10-15 06:55:03'),
(78, '2019-09-24', '2019-10-15', '<Empty>', '2019-10-15 06:56:32', '2019-10-15 06:56:32'),
(79, '2019-10-24', '2019-10-24', '<Empty>', '2019-10-24 08:29:14', '2019-10-24 08:29:14'),
(80, '2019-10-17', '2019-11-23', '<Empty>', '2019-11-23 07:37:16', '2019-11-23 07:37:16'),
(81, '2019-10-17', '2019-11-23', '<Empty>', '2019-11-23 07:37:40', '2019-11-23 07:37:40'),
(82, '2019-11-20', '2019-11-30', '<Empty>', '2019-11-30 03:00:04', '2019-11-30 03:00:04'),
(83, '2019-11-30', '2019-12-03', '<Empty>', '2019-12-03 04:12:32', '2019-12-03 04:12:32'),
(85, '2019-12-07', '2019-12-07', '<Empty>', '2019-12-07 07:07:19', '2019-12-07 07:07:19'),
(86, '2019-12-07', '2019-12-07', '<Empty>', '2019-12-07 07:07:39', '2019-12-07 07:07:39'),
(87, '2019-12-07', '2019-12-08', '<Empty>', '2019-12-08 09:20:28', '2019-12-08 09:20:28'),
(88, '2019-12-15', '2019-12-15', '<Empty>', '2019-12-15 14:01:24', '2019-12-15 14:01:24'),
(89, '2019-12-15', '2019-12-15', '<Empty>', '2019-12-15 15:18:24', '2019-12-15 15:18:24'),
(90, '2019-12-16', '2019-12-16', '<Empty>', '2019-12-16 08:25:38', '2019-12-16 08:25:38'),
(91, '2019-12-17', '2019-12-20', '<Empty>', '2019-12-20 06:38:47', '2019-12-20 06:38:47'),
(92, '2019-12-17', '2019-12-20', '<Empty>', '2019-12-20 06:43:00', '2019-12-20 06:43:00'),
(93, '2019-12-20', '2019-12-22', '<Empty>', '2019-12-22 02:15:03', '2019-12-22 02:15:03'),
(94, '2019-12-20', '2019-12-22', '<Empty>', '2019-12-22 02:15:26', '2019-12-22 02:15:26'),
(95, '2019-12-20', '2019-12-22', '<Empty>', '2019-12-22 02:15:26', '2019-12-22 02:15:26'),
(96, '2019-12-20', '2019-12-22', '<Empty>', '2019-12-22 02:15:58', '2019-12-22 02:15:58'),
(97, '2019-12-20', '2019-12-22', '<Empty>', '2019-12-22 02:15:58', '2019-12-22 02:15:58'),
(98, '2019-12-22', '2019-12-22', '<Empty>', '2019-12-22 03:36:06', '2019-12-22 03:36:06'),
(99, '2019-12-24', '2019-12-24', '<Empty>', '2019-12-24 09:42:31', '2019-12-24 09:42:31'),
(100, '1970-01-01', '2019-12-30', '<Empty>', '2019-12-30 03:40:13', '2019-12-30 03:40:13'),
(106, '2020-01-07', '2020-01-07', '<Empty>', '2020-01-07 09:46:20', '2020-01-07 09:46:20'),
(107, '2020-01-07', '2020-01-07', '<Empty>', '2020-01-07 09:54:15', '2020-01-07 09:54:15'),
(110, '2020-01-08', '2020-01-08', '<Empty>', '2020-01-08 06:27:33', '2020-01-08 06:27:33'),
(111, '2020-01-08', '2020-01-08', '<Empty>', '2020-01-08 07:05:05', '2020-01-08 07:05:05'),
(114, '2020-01-08', '2020-01-08', '<Empty>', '2020-01-08 11:05:52', '2020-01-08 11:05:52'),
(115, '2020-01-08', '2020-01-08', '<Empty>', '2020-01-08 13:42:32', '2020-01-08 13:42:32'),
(116, '2020-01-09', '2020-01-09', '<Empty>', '2020-01-09 10:26:09', '2020-01-09 10:26:09'),
(117, '2020-01-13', '2020-01-13', '<Empty>', '2020-01-13 07:41:38', '2020-01-13 07:41:38');

-- --------------------------------------------------------

--
-- Table structure for table `users`
--

CREATE TABLE IF NOT EXISTS `users` (
  `id` int(10) unsigned NOT NULL,
  `username` varchar(255) COLLATE utf8mb4_unicode_ci NOT NULL,
  `password` text COLLATE utf8mb4_unicode_ci NOT NULL,
  `email` varchar(255) COLLATE utf8mb4_unicode_ci NOT NULL,
  `level` int(10) unsigned NOT NULL,
  `remember_token` varchar(100) COLLATE utf8mb4_unicode_ci DEFAULT NULL,
  `created_at` timestamp NULL DEFAULT NULL,
  `updated_at` timestamp NULL DEFAULT NULL
) ENGINE=InnoDB AUTO_INCREMENT=6 DEFAULT CHARSET=utf8mb4 COLLATE=utf8mb4_unicode_ci;

--
-- Dumping data for table `users`
--

INSERT INTO `users` (`id`, `username`, `password`, `email`, `level`, `remember_token`, `created_at`, `updated_at`) VALUES
(1, 'Hao Vinatuna', '$2y$10$TWEwUUD0BpHI4XS3D6nF4.z88Pyzf.Aar3OC7/dl3d/xAprI7tSh6', 'haovinatuna@gmail.com', 1, 'CYn8Wfz12JkrWFhEkEwpETudXtWXYSqGj47yaV7fbLZz4dPEKwsMm5yKnQdF', NULL, '2019-03-14 01:43:56'),
(3, 'Steve Fisher', '$2y$10$1Fx7koC05b09.zuQubhiKOCDPvvweYHLxssu34Ylm3sAsCD0Un.jW', 'sfisher@sea-delight.com', 1, NULL, '2019-03-14 01:42:15', '2019-08-04 07:53:13'),
(4, 'Admin', '$2y$10$FYYe3DKYvIBbvp6xREQyI.wdBWevsttOTtITs0jqzWGE6zFTEYoUy', 'hqdat.py@gmail.com', 1, 'NTCpvkZQjezAbqCgWy7Lasg39fRZ5XhGUEDDpoJYrrKjBwjeEyayPQf7tb2f', '2019-03-15 03:07:55', '2019-03-15 03:07:55'),
(5, 'Hoang Duc Vinh', '$2y$10$PnaZ4y/gPjNQH7gZekpew.9F5m7f7NrnDn.Y6Rq9m6688AjYsqta.', 'ducvinh.it@gmail.com', 2, NULL, '2020-01-02 03:11:37', '2020-01-02 03:11:37');

--
-- Indexes for dumped tables
--

--
-- Indexes for table `captains`
--
ALTER TABLE `captains`
  ADD PRIMARY KEY (`id`);

--
-- Indexes for table `captain_trip`
--
ALTER TABLE `captain_trip`
  ADD PRIMARY KEY (`id`),
  ADD KEY `captain_trip_captain_id_index` (`captain_id`),
  ADD KEY `captain_trip_trip_id_index` (`trip_id`);

--
-- Indexes for table `families`
--
ALTER TABLE `families`
  ADD PRIMARY KEY (`id`);

--
-- Indexes for table `family_fish`
--
ALTER TABLE `family_fish`
  ADD PRIMARY KEY (`id`),
  ADD KEY `family_fish_family_id_index` (`family_id`),
  ADD KEY `family_fish_fish_id_index` (`fish_id`);

--
-- Indexes for table `fishes`
--
ALTER TABLE `fishes`
  ADD PRIMARY KEY (`id`);

--
-- Indexes for table `migrations`
--
ALTER TABLE `migrations`
  ADD PRIMARY KEY (`id`);

--
-- Indexes for table `records`
--
ALTER TABLE `records`
  ADD PRIMARY KEY (`id`);

--
-- Indexes for table `record_trip`
--
ALTER TABLE `record_trip`
  ADD PRIMARY KEY (`id`),
  ADD KEY `record_trip_record_id_index` (`record_id`),
  ADD KEY `record_trip_trip_id_index` (`trip_id`);

--
-- Indexes for table `trips`
--
ALTER TABLE `trips`
  ADD PRIMARY KEY (`id`);

--
-- Indexes for table `users`
--
ALTER TABLE `users`
  ADD PRIMARY KEY (`id`);

--
-- AUTO_INCREMENT for dumped tables
--

--
-- AUTO_INCREMENT for table `captains`
--
ALTER TABLE `captains`
  MODIFY `id` int(10) unsigned NOT NULL AUTO_INCREMENT,AUTO_INCREMENT=88;
--
-- AUTO_INCREMENT for table `captain_trip`
--
ALTER TABLE `captain_trip`
  MODIFY `id` int(10) unsigned NOT NULL AUTO_INCREMENT,AUTO_INCREMENT=118;
--
-- AUTO_INCREMENT for table `families`
--
ALTER TABLE `families`
  MODIFY `id` int(10) unsigned NOT NULL AUTO_INCREMENT,AUTO_INCREMENT=8;
--
-- AUTO_INCREMENT for table `family_fish`
--
ALTER TABLE `family_fish`
  MODIFY `id` int(10) unsigned NOT NULL AUTO_INCREMENT,AUTO_INCREMENT=53;
--
-- AUTO_INCREMENT for table `fishes`
--
ALTER TABLE `fishes`
  MODIFY `id` int(10) unsigned NOT NULL AUTO_INCREMENT,AUTO_INCREMENT=53;
--
-- AUTO_INCREMENT for table `migrations`
--
ALTER TABLE `migrations`
  MODIFY `id` int(10) unsigned NOT NULL AUTO_INCREMENT,AUTO_INCREMENT=2;
--
-- AUTO_INCREMENT for table `records`
--
ALTER TABLE `records`
  MODIFY `id` int(10) unsigned NOT NULL AUTO_INCREMENT,AUTO_INCREMENT=1445;
--
-- AUTO_INCREMENT for table `record_trip`
--
ALTER TABLE `record_trip`
  MODIFY `id` int(10) unsigned NOT NULL AUTO_INCREMENT,AUTO_INCREMENT=1445;
--
-- AUTO_INCREMENT for table `trips`
--
ALTER TABLE `trips`
  MODIFY `id` int(10) unsigned NOT NULL AUTO_INCREMENT,AUTO_INCREMENT=118;
--
-- AUTO_INCREMENT for table `users`
--
ALTER TABLE `users`
  MODIFY `id` int(10) unsigned NOT NULL AUTO_INCREMENT,AUTO_INCREMENT=6;
--
-- Constraints for dumped tables
--

--
-- Constraints for table `captain_trip`
--
ALTER TABLE `captain_trip`
  ADD CONSTRAINT `captain_trip_captain_id_foreign` FOREIGN KEY (`captain_id`) REFERENCES `captains` (`id`) ON DELETE CASCADE,
  ADD CONSTRAINT `captain_trip_trip_id_foreign` FOREIGN KEY (`trip_id`) REFERENCES `trips` (`id`) ON DELETE CASCADE;

--
-- Constraints for table `family_fish`
--
ALTER TABLE `family_fish`
  ADD CONSTRAINT `family_fish_family_id_foreign` FOREIGN KEY (`family_id`) REFERENCES `families` (`id`) ON DELETE CASCADE,
  ADD CONSTRAINT `family_fish_fish_id_foreign` FOREIGN KEY (`fish_id`) REFERENCES `fishes` (`id`) ON DELETE CASCADE;

--
-- Constraints for table `record_trip`
--
ALTER TABLE `record_trip`
  ADD CONSTRAINT `record_trip_record_id_foreign` FOREIGN KEY (`record_id`) REFERENCES `records` (`id`) ON DELETE CASCADE,
  ADD CONSTRAINT `record_trip_trip_id_foreign` FOREIGN KEY (`trip_id`) REFERENCES `trips` (`id`) ON DELETE CASCADE;

/*!40101 SET CHARACTER_SET_CLIENT=@OLD_CHARACTER_SET_CLIENT */;
/*!40101 SET CHARACTER_SET_RESULTS=@OLD_CHARACTER_SET_RESULTS */;
/*!40101 SET COLLATION_CONNECTION=@OLD_COLLATION_CONNECTION */;
